order_item_id,order_id,product_id,quantity,unit_price_gbp,unit_cost_gbp,discount_pct
1,10001,12,1,18.0,7.0,0.0
2,10001,1,1,850.0,610.0,0.2
3,10002,12,1,18.0,7.0,0.0
4,10003,2,2,250.0,175.0,0.05
5,10004,7,2,55.0,26.0,0.0
6,10005,1,1,850.0,610.0,0.0
7,10006,8,1,70.0,33.0,0.15
8,10007,8,3,70.0,33.0,0.05
9,10007,11,1,48.0,22.0,0.15
10,10007,6,1,195.0,112.0,0.15
11,10008,1,1,850.0,610.0,0.05
12,10009,7,1,55.0,26.0,0.05
13,10010,5,2,280.0,175.0,0.05
14,10011,10,1,35.0,15.0,0.0
15,10011,6,1,195.0,112.0,0.0
16,10012,2,1,250.0,175.0,0.05
17,10012,6,1,195.0,112.0,0.05
18,10013,9,1,85.0,43.0,0.1
19,10014,7,2,55.0,26.0,0.0
20,10015,12,1,18.0,7.0,0.15
21,10015,9,2,85.0,43.0,0.1
22,10015,11,1,48.0,22.0,0.1
23,10016,2,1,250.0,175.0,0.15
24,10017,12,1,18.0,7.0,0.0
25,10017,4,1,115.0,62.0,0.2
26,10017,11,2,48.0,22.0,0.0
27,10018,2,1,250.0,175.0,0.05
28,10018,10,1,35.0,15.0,0.2
29,10019,2,2,250.0,175.0,0.0
30,10020,7,1,55.0,26.0,0.0
31,10021,9,1,85.0,43.0,0.0
32,10021,11,2,48.0,22.0,0.1
33,10021,2,1,250.0,175.0,0.15
34,10022,10,1,35.0,15.0,0.0
35,10022,3,1,380.0,270.0,0.2
36,10023,1,1,850.0,610.0,0.1
37,10024,5,1,280.0,175.0,0.0
38,10024,8,3,70.0,33.0,0.05
39,10025,12,2,18.0,7.0,0.05
40,10026,7,2,55.0,26.0,0.0
41,10027,1,2,850.0,610.0,0.0
42,10027,11,3,48.0,22.0,0.1
43,10027,4,1,115.0,62.0,0.0
44,10028,6,2,195.0,112.0,0.1
45,10028,5,1,280.0,175.0,0.05
46,10029,6,1,195.0,112.0,0.15
47,10030,3,1,380.0,270.0,0.0
48,10030,6,1,195.0,112.0,0.0
49,10031,11,1,48.0,22.0,0.1
50,10032,12,2,18.0,7.0,0.15
51,10032,2,1,250.0,175.0,0.05
52,10032,1,2,850.0,610.0,0.05
53,10033,5,1,280.0,175.0,0.0
54,10034,1,1,850.0,610.0,0.15
55,10034,10,1,35.0,15.0,0.0
56,10035,9,1,85.0,43.0,0.05
57,10036,1,2,850.0,610.0,0.05
58,10036,11,1,48.0,22.0,0.05
59,10036,5,1,280.0,175.0,0.0
60,10037,5,2,280.0,175.0,0.05
61,10038,5,2,280.0,175.0,0.05
62,10039,9,2,85.0,43.0,0.05
63,10040,3,1,380.0,270.0,0.1
64,10041,6,1,195.0,112.0,0.0
65,10041,8,1,70.0,33.0,0.1
66,10042,7,1,55.0,26.0,0.0
67,10042,1,1,850.0,610.0,0.2
68,10043,7,2,55.0,26.0,0.0
69,10043,1,2,850.0,610.0,0.15
70,10043,11,2,48.0,22.0,0.2
71,10044,9,2,85.0,43.0,0.0
72,10045,6,1,195.0,112.0,0.0
73,10045,5,1,280.0,175.0,0.0
74,10046,4,1,115.0,62.0,0.0
75,10047,11,2,48.0,22.0,0.0
76,10048,11,1,48.0,22.0,0.0
77,10048,4,2,115.0,62.0,0.15
78,10048,9,2,85.0,43.0,0.15
79,10049,1,2,850.0,610.0,0.0
80,10050,2,1,250.0,175.0,0.0
81,10050,12,1,18.0,7.0,0.1
82,10050,11,3,48.0,22.0,0.0
83,10051,3,1,380.0,270.0,0.0
84,10051,1,3,850.0,610.0,0.0
85,10052,3,3,380.0,270.0,0.0
86,10053,4,1,115.0,62.0,0.1
87,10054,4,1,115.0,62.0,0.0
88,10054,3,2,380.0,270.0,0.0
89,10055,2,1,250.0,175.0,0.15
90,10055,9,1,85.0,43.0,0.15
91,10056,3,1,380.0,270.0,0.1
92,10056,7,1,55.0,26.0,0.05
93,10057,3,1,380.0,270.0,0.0
94,10058,10,2,35.0,15.0,0.15
95,10059,6,1,195.0,112.0,0.15
96,10060,3,1,380.0,270.0,0.05
97,10060,6,1,195.0,112.0,0.0
98,10060,4,1,115.0,62.0,0.0
99,10061,2,1,250.0,175.0,0.0
100,10061,1,1,850.0,610.0,0.15
101,10062,3,2,380.0,270.0,0.0
102,10063,1,2,850.0,610.0,0.1
103,10064,8,1,70.0,33.0,0.15
104,10065,6,1,195.0,112.0,0.0
105,10066,11,3,48.0,22.0,0.15
106,10067,9,1,85.0,43.0,0.1
107,10068,10,2,35.0,15.0,0.0
108,10068,7,1,55.0,26.0,0.05
109,10069,3,2,380.0,270.0,0.0
110,10070,11,1,48.0,22.0,0.0
111,10071,9,1,85.0,43.0,0.0
112,10072,9,1,85.0,43.0,0.05
113,10073,8,1,70.0,33.0,0.15
114,10074,5,1,280.0,175.0,0.05
115,10074,8,1,70.0,33.0,0.15
116,10074,9,2,85.0,43.0,0.05
117,10075,11,2,48.0,22.0,0.0
118,10075,6,1,195.0,112.0,0.05
119,10075,4,2,115.0,62.0,0.0
120,10076,12,1,18.0,7.0,0.1
121,10076,2,2,250.0,175.0,0.0
122,10077,8,2,70.0,33.0,0.05
123,10078,4,2,115.0,62.0,0.0
124,10079,8,1,70.0,33.0,0.1
125,10080,2,1,250.0,175.0,0.0
126,10081,2,1,250.0,175.0,0.1
127,10082,5,1,280.0,175.0,0.15
128,10083,7,1,55.0,26.0,0.0
129,10084,7,1,55.0,26.0,0.05
130,10085,5,1,280.0,175.0,0.0
131,10086,4,2,115.0,62.0,0.0
132,10087,3,2,380.0,270.0,0.0
133,10088,7,2,55.0,26.0,0.05
134,10089,1,1,850.0,610.0,0.1
135,10090,1,3,850.0,610.0,0.05
136,10091,1,1,850.0,610.0,0.0
137,10091,6,1,195.0,112.0,0.1
138,10091,4,1,115.0,62.0,0.0
139,10092,2,1,250.0,175.0,0.0
140,10092,7,1,55.0,26.0,0.0
141,10092,8,1,70.0,33.0,0.0
142,10093,2,1,250.0,175.0,0.0
143,10094,8,1,70.0,33.0,0.15
144,10094,7,1,55.0,26.0,0.05
145,10095,9,1,85.0,43.0,0.0
146,10096,9,1,85.0,43.0,0.0
147,10096,3,2,380.0,270.0,0.0
148,10097,12,1,18.0,7.0,0.1
149,10098,1,1,850.0,610.0,0.0
150,10099,10,2,35.0,15.0,0.0
151,10099,4,1,115.0,62.0,0.05
152,10100,10,1,35.0,15.0,0.05
153,10100,6,2,195.0,112.0,0.0
154,10101,8,1,70.0,33.0,0.05
155,10102,7,1,55.0,26.0,0.1
156,10103,2,1,250.0,175.0,0.05
157,10104,9,1,85.0,43.0,0.15
158,10105,3,1,380.0,270.0,0.0
159,10105,10,1,35.0,15.0,0.05
160,10106,6,2,195.0,112.0,0.2
161,10106,5,1,280.0,175.0,0.1
162,10107,8,2,70.0,33.0,0.05
163,10108,6,1,195.0,112.0,0.15
164,10109,10,1,35.0,15.0,0.05
165,10110,5,2,280.0,175.0,0.05
166,10111,7,1,55.0,26.0,0.0
167,10112,3,2,380.0,270.0,0.05
168,10113,7,2,55.0,26.0,0.0
169,10114,3,1,380.0,270.0,0.0
170,10115,10,1,35.0,15.0,0.0
171,10115,6,1,195.0,112.0,0.0
172,10115,5,1,280.0,175.0,0.0
173,10116,4,1,115.0,62.0,0.0
174,10116,10,1,35.0,15.0,0.1
175,10117,7,1,55.0,26.0,0.05
176,10117,11,1,48.0,22.0,0.0
177,10118,9,1,85.0,43.0,0.15
178,10119,1,2,850.0,610.0,0.0
179,10119,9,1,85.0,43.0,0.15
180,10120,2,1,250.0,175.0,0.05
181,10120,11,1,48.0,22.0,0.1
182,10121,7,1,55.0,26.0,0.0
183,10122,12,2,18.0,7.0,0.05
184,10122,10,1,35.0,15.0,0.1
185,10122,6,2,195.0,112.0,0.0
186,10123,4,3,115.0,62.0,0.1
187,10124,4,1,115.0,62.0,0.0
188,10124,3,1,380.0,270.0,0.05
189,10125,12,1,18.0,7.0,0.15
190,10126,3,1,380.0,270.0,0.0
191,10126,11,1,48.0,22.0,0.0
192,10127,1,1,850.0,610.0,0.0
193,10128,3,1,380.0,270.0,0.0
194,10129,3,1,380.0,270.0,0.0
195,10129,5,1,280.0,175.0,0.1
196,10129,7,1,55.0,26.0,0.2
197,10130,11,1,48.0,22.0,0.0
198,10130,4,2,115.0,62.0,0.0
199,10131,9,1,85.0,43.0,0.1
200,10132,7,2,55.0,26.0,0.1
201,10133,2,1,250.0,175.0,0.05
202,10133,7,2,55.0,26.0,0.1
203,10134,5,1,280.0,175.0,0.15
204,10135,9,1,85.0,43.0,0.05
205,10135,10,1,35.0,15.0,0.1
206,10136,3,2,380.0,270.0,0.2
207,10137,3,1,380.0,270.0,0.05
208,10138,2,2,250.0,175.0,0.0
209,10138,7,1,55.0,26.0,0.0
210,10138,4,2,115.0,62.0,0.15
211,10139,1,1,850.0,610.0,0.1
212,10140,12,1,18.0,7.0,0.0
213,10141,10,1,35.0,15.0,0.0
214,10141,11,1,48.0,22.0,0.05
215,10142,8,2,70.0,33.0,0.1
216,10143,3,1,380.0,270.0,0.0
217,10144,3,1,380.0,270.0,0.0
218,10145,8,2,70.0,33.0,0.0
219,10145,6,1,195.0,112.0,0.15
220,10145,10,1,35.0,15.0,0.1
221,10146,4,2,115.0,62.0,0.0
222,10146,10,1,35.0,15.0,0.1
223,10147,10,1,35.0,15.0,0.0
224,10147,9,1,85.0,43.0,0.1
225,10148,1,2,850.0,610.0,0.0
226,10149,1,1,850.0,610.0,0.0
227,10150,3,1,380.0,270.0,0.15
228,10150,4,1,115.0,62.0,0.05
229,10151,4,2,115.0,62.0,0.0
230,10151,8,1,70.0,33.0,0.15
231,10152,6,1,195.0,112.0,0.05
232,10152,10,1,35.0,15.0,0.1
233,10153,7,1,55.0,26.0,0.0
234,10153,11,1,48.0,22.0,0.15
235,10154,11,1,48.0,22.0,0.05
236,10155,2,1,250.0,175.0,0.0
237,10156,7,1,55.0,26.0,0.0
238,10156,4,3,115.0,62.0,0.0
239,10157,5,1,280.0,175.0,0.1
240,10157,7,2,55.0,26.0,0.1
241,10157,1,1,850.0,610.0,0.0
242,10158,6,1,195.0,112.0,0.0
243,10158,5,1,280.0,175.0,0.0
244,10159,8,1,70.0,33.0,0.05
245,10160,7,1,55.0,26.0,0.1
246,10160,2,2,250.0,175.0,0.1
247,10161,3,2,380.0,270.0,0.0
248,10161,8,1,70.0,33.0,0.0
249,10162,8,2,70.0,33.0,0.15
250,10163,7,1,55.0,26.0,0.1
251,10163,2,1,250.0,175.0,0.0
252,10163,11,1,48.0,22.0,0.2
253,10164,2,1,250.0,175.0,0.0
254,10165,3,1,380.0,270.0,0.15
255,10166,3,1,380.0,270.0,0.0
256,10167,7,1,55.0,26.0,0.1
257,10168,1,1,850.0,610.0,0.05
258,10169,10,1,35.0,15.0,0.0
259,10169,5,1,280.0,175.0,0.1
260,10170,1,1,850.0,610.0,0.0
261,10171,4,1,115.0,62.0,0.05
262,10171,12,1,18.0,7.0,0.0
263,10172,2,2,250.0,175.0,0.05
264,10173,1,1,850.0,610.0,0.1
265,10174,3,2,380.0,270.0,0.0
266,10174,12,1,18.0,7.0,0.05
267,10175,1,2,850.0,610.0,0.15
268,10176,3,1,380.0,270.0,0.05
269,10176,8,1,70.0,33.0,0.1
270,10177,7,1,55.0,26.0,0.15
271,10178,2,1,250.0,175.0,0.0
272,10178,11,2,48.0,22.0,0.0
273,10178,4,1,115.0,62.0,0.05
274,10179,5,1,280.0,175.0,0.1
275,10179,6,1,195.0,112.0,0.1
276,10180,12,1,18.0,7.0,0.05
277,10181,7,2,55.0,26.0,0.0
278,10181,10,3,35.0,15.0,0.0
279,10182,12,1,18.0,7.0,0.1
280,10182,11,3,48.0,22.0,0.0
281,10183,4,1,115.0,62.0,0.05
282,10184,4,2,115.0,62.0,0.2
283,10185,9,2,85.0,43.0,0.0
284,10185,11,1,48.0,22.0,0.0
285,10186,3,1,380.0,270.0,0.0
286,10187,11,1,48.0,22.0,0.05
287,10188,12,1,18.0,7.0,0.1
288,10189,5,1,280.0,175.0,0.1
289,10190,1,1,850.0,610.0,0.05
290,10190,6,2,195.0,112.0,0.05
291,10190,9,3,85.0,43.0,0.05
292,10191,6,1,195.0,112.0,0.0
293,10192,3,1,380.0,270.0,0.05
294,10193,12,1,18.0,7.0,0.0
295,10194,9,1,85.0,43.0,0.0
296,10195,2,1,250.0,175.0,0.15
297,10196,3,1,380.0,270.0,0.1
298,10197,10,1,35.0,15.0,0.1
299,10197,5,1,280.0,175.0,0.15
300,10197,4,2,115.0,62.0,0.1
301,10198,2,1,250.0,175.0,0.0
302,10199,3,1,380.0,270.0,0.05
303,10200,6,2,195.0,112.0,0.0
304,10201,8,2,70.0,33.0,0.0
305,10202,11,3,48.0,22.0,0.05
306,10202,6,1,195.0,112.0,0.05
307,10202,1,1,850.0,610.0,0.0
308,10203,5,1,280.0,175.0,0.15
309,10204,9,1,85.0,43.0,0.0
310,10204,4,1,115.0,62.0,0.1
311,10205,2,1,250.0,175.0,0.05
312,10205,3,2,380.0,270.0,0.05
313,10206,10,2,35.0,15.0,0.0
314,10207,3,2,380.0,270.0,0.0
315,10207,11,1,48.0,22.0,0.15
316,10208,9,1,85.0,43.0,0.05
317,10209,11,2,48.0,22.0,0.1
318,10210,4,1,115.0,62.0,0.1
319,10211,3,1,380.0,270.0,0.0
320,10212,4,1,115.0,62.0,0.0
321,10212,9,1,85.0,43.0,0.1
322,10213,9,1,85.0,43.0,0.2
323,10214,9,1,85.0,43.0,0.0
324,10215,12,1,18.0,7.0,0.05
325,10216,9,1,85.0,43.0,0.0
326,10217,8,1,70.0,33.0,0.1
327,10218,11,2,48.0,22.0,0.1
328,10218,10,2,35.0,15.0,0.0
329,10219,12,1,18.0,7.0,0.1
330,10219,5,2,280.0,175.0,0.15
331,10219,9,2,85.0,43.0,0.15
332,10220,8,3,70.0,33.0,0.0
333,10221,5,1,280.0,175.0,0.0
334,10221,9,1,85.0,43.0,0.15
335,10222,4,1,115.0,62.0,0.0
336,10222,5,2,280.0,175.0,0.15
337,10223,7,1,55.0,26.0,0.0
338,10223,2,1,250.0,175.0,0.05
339,10224,10,2,35.0,15.0,0.1
340,10225,7,1,55.0,26.0,0.15
341,10225,12,1,18.0,7.0,0.0
342,10226,1,1,850.0,610.0,0.05
343,10226,2,1,250.0,175.0,0.15
344,10227,6,2,195.0,112.0,0.0
345,10228,8,1,70.0,33.0,0.0
346,10229,10,1,35.0,15.0,0.0
347,10230,3,2,380.0,270.0,0.05
348,10231,4,1,115.0,62.0,0.15
349,10231,12,2,18.0,7.0,0.0
350,10232,9,1,85.0,43.0,0.0
351,10232,3,1,380.0,270.0,0.15
352,10233,7,1,55.0,26.0,0.15
353,10233,2,1,250.0,175.0,0.0
354,10234,10,1,35.0,15.0,0.15
355,10235,8,2,70.0,33.0,0.15
356,10236,2,1,250.0,175.0,0.0
357,10236,5,1,280.0,175.0,0.05
358,10237,11,2,48.0,22.0,0.05
359,10238,1,1,850.0,610.0,0.0
360,10238,7,1,55.0,26.0,0.1
361,10238,8,1,70.0,33.0,0.05
362,10239,2,1,250.0,175.0,0.0
363,10240,9,1,85.0,43.0,0.05
364,10241,1,1,850.0,610.0,0.1
365,10242,4,1,115.0,62.0,0.0
366,10243,11,1,48.0,22.0,0.0
367,10244,1,1,850.0,610.0,0.0
368,10244,4,3,115.0,62.0,0.0
369,10244,12,1,18.0,7.0,0.0
370,10245,7,3,55.0,26.0,0.0
371,10245,5,3,280.0,175.0,0.1
372,10246,4,1,115.0,62.0,0.05
373,10246,12,1,18.0,7.0,0.2
374,10247,2,2,250.0,175.0,0.05
375,10247,3,1,380.0,270.0,0.0
376,10247,11,1,48.0,22.0,0.0
377,10248,6,1,195.0,112.0,0.1
378,10248,7,1,55.0,26.0,0.0
379,10249,6,1,195.0,112.0,0.0
380,10250,12,1,18.0,7.0,0.0
381,10251,2,1,250.0,175.0,0.0
382,10252,11,1,48.0,22.0,0.15
383,10253,4,1,115.0,62.0,0.1
384,10253,11,1,48.0,22.0,0.0
385,10254,9,1,85.0,43.0,0.15
386,10255,8,1,70.0,33.0,0.0
387,10256,7,1,55.0,26.0,0.0
388,10256,9,1,85.0,43.0,0.1
389,10256,10,1,35.0,15.0,0.1
390,10257,2,1,250.0,175.0,0.05
391,10257,12,1,18.0,7.0,0.1
392,10258,3,1,380.0,270.0,0.15
393,10259,3,2,380.0,270.0,0.0
394,10260,2,1,250.0,175.0,0.05
395,10260,8,1,70.0,33.0,0.2
396,10261,2,1,250.0,175.0,0.0
397,10261,7,1,55.0,26.0,0.05
398,10261,8,2,70.0,33.0,0.0
399,10262,5,1,280.0,175.0,0.0
400,10263,9,2,85.0,43.0,0.0
401,10263,4,3,115.0,62.0,0.05
402,10264,9,1,85.0,43.0,0.15
403,10264,5,2,280.0,175.0,0.0
404,10265,8,1,70.0,33.0,0.0
405,10265,11,1,48.0,22.0,0.0
406,10266,3,1,380.0,270.0,0.2
407,10267,12,2,18.0,7.0,0.15
408,10268,8,1,70.0,33.0,0.2
409,10269,4,2,115.0,62.0,0.1
410,10270,6,2,195.0,112.0,0.0
411,10271,9,1,85.0,43.0,0.0
412,10272,7,1,55.0,26.0,0.0
413,10272,2,2,250.0,175.0,0.0
414,10273,10,2,35.0,15.0,0.05
415,10273,12,1,18.0,7.0,0.1
416,10274,5,1,280.0,175.0,0.0
417,10275,7,1,55.0,26.0,0.1
418,10276,10,1,35.0,15.0,0.0
419,10276,8,1,70.0,33.0,0.05
420,10277,5,2,280.0,175.0,0.0
421,10278,6,1,195.0,112.0,0.0
422,10279,7,1,55.0,26.0,0.2
423,10280,11,1,48.0,22.0,0.1
424,10281,7,1,55.0,26.0,0.05
425,10281,2,2,250.0,175.0,0.0
426,10281,11,2,48.0,22.0,0.1
427,10282,9,2,85.0,43.0,0.05
428,10282,7,2,55.0,26.0,0.0
429,10283,11,1,48.0,22.0,0.05
430,10284,4,2,115.0,62.0,0.15
431,10285,1,1,850.0,610.0,0.05
432,10286,11,1,48.0,22.0,0.05
433,10286,7,3,55.0,26.0,0.05
434,10287,1,1,850.0,610.0,0.0
435,10288,6,1,195.0,112.0,0.1
436,10289,10,2,35.0,15.0,0.05
437,10290,8,1,70.0,33.0,0.1
438,10290,12,1,18.0,7.0,0.0
439,10291,6,2,195.0,112.0,0.1
440,10292,5,1,280.0,175.0,0.05
441,10292,1,1,850.0,610.0,0.05
442,10293,8,1,70.0,33.0,0.1
443,10293,6,1,195.0,112.0,0.0
444,10294,8,1,70.0,33.0,0.05
445,10294,6,2,195.0,112.0,0.05
446,10294,5,1,280.0,175.0,0.0
447,10295,7,1,55.0,26.0,0.15
448,10296,8,1,70.0,33.0,0.0
449,10297,11,2,48.0,22.0,0.0
450,10298,5,2,280.0,175.0,0.1
451,10299,2,1,250.0,175.0,0.0
452,10299,12,1,18.0,7.0,0.05
453,10300,2,1,250.0,175.0,0.0
454,10301,10,2,35.0,15.0,0.0
455,10301,11,1,48.0,22.0,0.05
456,10302,10,2,35.0,15.0,0.1
457,10302,5,2,280.0,175.0,0.0
458,10302,12,1,18.0,7.0,0.0
459,10303,10,1,35.0,15.0,0.0
460,10303,4,1,115.0,62.0,0.1
461,10304,3,1,380.0,270.0,0.1
462,10305,11,2,48.0,22.0,0.1
463,10306,9,1,85.0,43.0,0.1
464,10306,11,1,48.0,22.0,0.05
465,10306,12,3,18.0,7.0,0.0
466,10307,2,2,250.0,175.0,0.15
467,10308,7,1,55.0,26.0,0.1
468,10308,5,1,280.0,175.0,0.0
469,10309,10,1,35.0,15.0,0.05
470,10310,6,1,195.0,112.0,0.0
471,10311,4,2,115.0,62.0,0.0
472,10312,10,1,35.0,15.0,0.0
473,10313,7,1,55.0,26.0,0.0
474,10313,5,1,280.0,175.0,0.1
475,10314,5,2,280.0,175.0,0.1
476,10314,8,1,70.0,33.0,0.1
477,10314,4,2,115.0,62.0,0.0
478,10315,3,1,380.0,270.0,0.1
479,10315,5,1,280.0,175.0,0.05
480,10316,7,1,55.0,26.0,0.2
481,10317,9,1,85.0,43.0,0.2
482,10317,8,1,70.0,33.0,0.1
483,10317,7,1,55.0,26.0,0.0
484,10318,4,2,115.0,62.0,0.0
485,10319,10,3,35.0,15.0,0.2
486,10319,8,1,70.0,33.0,0.0
487,10320,6,1,195.0,112.0,0.1
488,10321,11,1,48.0,22.0,0.1
489,10321,5,1,280.0,175.0,0.15
490,10322,8,2,70.0,33.0,0.05
491,10323,10,1,35.0,15.0,0.05
492,10323,11,1,48.0,22.0,0.0
493,10323,4,1,115.0,62.0,0.05
494,10324,5,1,280.0,175.0,0.0
495,10324,7,1,55.0,26.0,0.05
496,10325,12,2,18.0,7.0,0.0
497,10326,4,1,115.0,62.0,0.0
498,10326,1,1,850.0,610.0,0.0
499,10327,9,2,85.0,43.0,0.2
500,10328,1,1,850.0,610.0,0.05
501,10329,1,1,850.0,610.0,0.05
502,10329,11,1,48.0,22.0,0.1
503,10330,6,1,195.0,112.0,0.0
504,10331,1,1,850.0,610.0,0.15
505,10331,11,1,48.0,22.0,0.1
506,10331,12,1,18.0,7.0,0.15
507,10332,7,3,55.0,26.0,0.15
508,10332,4,2,115.0,62.0,0.1
509,10333,8,2,70.0,33.0,0.0
510,10334,10,2,35.0,15.0,0.15
511,10334,5,2,280.0,175.0,0.0
512,10334,7,2,55.0,26.0,0.0
513,10335,7,1,55.0,26.0,0.15
514,10335,5,1,280.0,175.0,0.0
515,10336,2,1,250.0,175.0,0.05
516,10336,3,1,380.0,270.0,0.0
517,10337,11,1,48.0,22.0,0.1
518,10337,9,1,85.0,43.0,0.15
519,10338,4,1,115.0,62.0,0.1
520,10339,3,1,380.0,270.0,0.15
521,10340,10,3,35.0,15.0,0.0
522,10341,2,2,250.0,175.0,0.0
523,10341,4,1,115.0,62.0,0.0
524,10342,1,2,850.0,610.0,0.15
525,10342,10,2,35.0,15.0,0.15
526,10343,5,1,280.0,175.0,0.0
527,10343,1,1,850.0,610.0,0.1
528,10344,6,1,195.0,112.0,0.0
529,10344,12,1,18.0,7.0,0.1
530,10344,2,2,250.0,175.0,0.15
531,10345,3,2,380.0,270.0,0.0
532,10346,4,2,115.0,62.0,0.0
533,10347,6,1,195.0,112.0,0.1
534,10347,8,1,70.0,33.0,0.2
535,10348,5,2,280.0,175.0,0.1
536,10348,4,1,115.0,62.0,0.0
537,10349,11,2,48.0,22.0,0.05
538,10350,6,1,195.0,112.0,0.05
539,10351,2,1,250.0,175.0,0.0
540,10352,12,1,18.0,7.0,0.0
541,10352,2,1,250.0,175.0,0.1
542,10353,12,1,18.0,7.0,0.0
543,10354,8,1,70.0,33.0,0.1
544,10355,6,1,195.0,112.0,0.1
545,10355,4,1,115.0,62.0,0.1
546,10356,3,1,380.0,270.0,0.15
547,10357,11,1,48.0,22.0,0.0
548,10357,2,2,250.0,175.0,0.0
549,10357,8,1,70.0,33.0,0.0
550,10358,11,1,48.0,22.0,0.0
551,10359,11,1,48.0,22.0,0.15
552,10360,3,1,380.0,270.0,0.1
553,10360,6,1,195.0,112.0,0.05
554,10361,6,1,195.0,112.0,0.05
555,10361,10,2,35.0,15.0,0.1
556,10362,10,2,35.0,15.0,0.1
557,10362,5,1,280.0,175.0,0.0
558,10363,10,1,35.0,15.0,0.1
559,10364,12,1,18.0,7.0,0.1
560,10364,3,2,380.0,270.0,0.15
561,10365,2,1,250.0,175.0,0.0
562,10365,4,3,115.0,62.0,0.05
563,10366,11,2,48.0,22.0,0.05
564,10367,8,2,70.0,33.0,0.0
565,10367,9,1,85.0,43.0,0.0
566,10368,2,1,250.0,175.0,0.0
567,10369,11,1,48.0,22.0,0.0
568,10370,1,1,850.0,610.0,0.2
569,10371,3,1,380.0,270.0,0.0
570,10371,4,2,115.0,62.0,0.05
571,10371,8,1,70.0,33.0,0.0
572,10372,11,1,48.0,22.0,0.0
573,10372,4,2,115.0,62.0,0.0
574,10373,1,3,850.0,610.0,0.0
575,10374,10,1,35.0,15.0,0.05
576,10374,7,1,55.0,26.0,0.0
577,10374,2,1,250.0,175.0,0.1
578,10375,9,1,85.0,43.0,0.15
579,10376,2,1,250.0,175.0,0.2
580,10376,11,1,48.0,22.0,0.15
581,10376,1,2,850.0,610.0,0.0
582,10377,6,1,195.0,112.0,0.0
583,10377,9,1,85.0,43.0,0.0
584,10377,8,1,70.0,33.0,0.05
585,10378,11,2,48.0,22.0,0.05
586,10378,4,2,115.0,62.0,0.2
587,10378,3,2,380.0,270.0,0.05
588,10379,12,1,18.0,7.0,0.0
589,10380,11,2,48.0,22.0,0.0
590,10381,4,1,115.0,62.0,0.1
591,10382,6,2,195.0,112.0,0.0
592,10382,12,1,18.0,7.0,0.1
593,10382,3,1,380.0,270.0,0.05
594,10383,6,1,195.0,112.0,0.0
595,10383,4,1,115.0,62.0,0.0
596,10384,9,1,85.0,43.0,0.05
597,10384,7,1,55.0,26.0,0.1
598,10385,2,1,250.0,175.0,0.1
599,10385,8,3,70.0,33.0,0.0
600,10385,10,1,35.0,15.0,0.1
601,10386,4,1,115.0,62.0,0.2
602,10387,8,1,70.0,33.0,0.1
603,10388,6,2,195.0,112.0,0.05
604,10389,9,1,85.0,43.0,0.0
605,10389,8,1,70.0,33.0,0.05
606,10389,10,3,35.0,15.0,0.0
607,10390,2,1,250.0,175.0,0.2
608,10390,5,3,280.0,175.0,0.1
609,10391,3,3,380.0,270.0,0.05
610,10392,4,2,115.0,62.0,0.1
611,10393,5,2,280.0,175.0,0.05
612,10393,12,3,18.0,7.0,0.0
613,10394,8,1,70.0,33.0,0.0
614,10394,9,1,85.0,43.0,0.0
615,10395,12,1,18.0,7.0,0.0
616,10396,12,1,18.0,7.0,0.15
617,10397,8,1,70.0,33.0,0.0
618,10398,2,1,250.0,175.0,0.0
619,10398,4,1,115.0,62.0,0.0
620,10399,11,1,48.0,22.0,0.1
621,10400,3,1,380.0,270.0,0.05
622,10400,6,2,195.0,112.0,0.05
623,10401,10,1,35.0,15.0,0.0
624,10402,6,3,195.0,112.0,0.0
625,10402,11,2,48.0,22.0,0.05
626,10402,4,1,115.0,62.0,0.1
627,10403,12,2,18.0,7.0,0.0
628,10404,2,1,250.0,175.0,0.0
629,10405,10,1,35.0,15.0,0.1
630,10405,3,2,380.0,270.0,0.15
631,10405,12,1,18.0,7.0,0.05
632,10406,10,1,35.0,15.0,0.0
633,10406,1,1,850.0,610.0,0.0
634,10406,2,1,250.0,175.0,0.1
635,10407,9,1,85.0,43.0,0.15
636,10408,7,1,55.0,26.0,0.0
637,10409,1,1,850.0,610.0,0.1
638,10410,9,2,85.0,43.0,0.0
639,10411,12,1,18.0,7.0,0.0
640,10412,1,1,850.0,610.0,0.0
641,10412,4,1,115.0,62.0,0.05
642,10412,3,1,380.0,270.0,0.05
643,10413,7,1,55.0,26.0,0.05
644,10414,12,1,18.0,7.0,0.1
645,10414,9,1,85.0,43.0,0.1
646,10415,3,1,380.0,270.0,0.0
647,10415,4,1,115.0,62.0,0.1
648,10416,2,1,250.0,175.0,0.0
649,10416,7,2,55.0,26.0,0.05
650,10417,3,2,380.0,270.0,0.0
651,10417,11,2,48.0,22.0,0.05
652,10418,10,1,35.0,15.0,0.0
653,10419,2,2,250.0,175.0,0.05
654,10420,7,1,55.0,26.0,0.0
655,10421,10,2,35.0,15.0,0.05
656,10421,3,1,380.0,270.0,0.05
657,10422,5,2,280.0,175.0,0.1
658,10423,6,1,195.0,112.0,0.15
659,10423,5,1,280.0,175.0,0.0
660,10423,3,1,380.0,270.0,0.0
661,10424,6,2,195.0,112.0,0.0
662,10424,10,2,35.0,15.0,0.1
663,10424,12,2,18.0,7.0,0.15
664,10425,5,1,280.0,175.0,0.15
665,10426,6,1,195.0,112.0,0.0
666,10427,2,1,250.0,175.0,0.1
667,10427,12,2,18.0,7.0,0.1
668,10428,9,1,85.0,43.0,0.05
669,10428,2,1,250.0,175.0,0.0
670,10429,12,2,18.0,7.0,0.05
671,10430,6,1,195.0,112.0,0.05
672,10431,8,1,70.0,33.0,0.1
673,10432,6,1,195.0,112.0,0.0
674,10433,3,1,380.0,270.0,0.15
675,10434,9,1,85.0,43.0,0.15
676,10435,2,1,250.0,175.0,0.05
677,10435,3,1,380.0,270.0,0.2
678,10436,7,1,55.0,26.0,0.05
679,10437,2,1,250.0,175.0,0.15
680,10437,10,2,35.0,15.0,0.05
681,10438,10,2,35.0,15.0,0.0
682,10439,10,1,35.0,15.0,0.05
683,10440,4,1,115.0,62.0,0.05
684,10440,9,1,85.0,43.0,0.0
685,10441,1,1,850.0,610.0,0.0
686,10442,3,1,380.0,270.0,0.2
687,10442,10,1,35.0,15.0,0.0
688,10443,2,2,250.0,175.0,0.0
689,10444,1,2,850.0,610.0,0.1
690,10445,1,1,850.0,610.0,0.1
691,10445,3,1,380.0,270.0,0.1
692,10446,2,1,250.0,175.0,0.05
693,10447,12,1,18.0,7.0,0.0
694,10447,4,1,115.0,62.0,0.0
695,10448,7,1,55.0,26.0,0.0
696,10448,8,1,70.0,33.0,0.1
697,10449,11,2,48.0,22.0,0.15
698,10449,12,2,18.0,7.0,0.0
699,10449,5,1,280.0,175.0,0.0
700,10450,1,1,850.0,610.0,0.1
701,10450,2,1,250.0,175.0,0.0
702,10450,11,1,48.0,22.0,0.05
703,10451,2,2,250.0,175.0,0.05
704,10451,9,1,85.0,43.0,0.15
705,10452,5,1,280.0,175.0,0.0
706,10452,2,2,250.0,175.0,0.0
707,10453,7,2,55.0,26.0,0.0
708,10453,5,1,280.0,175.0,0.1
709,10454,10,1,35.0,15.0,0.1
710,10454,4,1,115.0,62.0,0.0
711,10455,10,1,35.0,15.0,0.15
712,10455,1,1,850.0,610.0,0.05
713,10455,3,1,380.0,270.0,0.0
714,10456,1,1,850.0,610.0,0.05
715,10457,1,1,850.0,610.0,0.0
716,10457,2,1,250.0,175.0,0.0
717,10457,6,1,195.0,112.0,0.15
718,10458,4,3,115.0,62.0,0.0
719,10459,2,1,250.0,175.0,0.0
720,10460,8,2,70.0,33.0,0.0
721,10460,5,2,280.0,175.0,0.05
722,10461,3,1,380.0,270.0,0.15
723,10461,7,1,55.0,26.0,0.0
724,10462,5,1,280.0,175.0,0.15
725,10463,2,1,250.0,175.0,0.15
726,10464,2,1,250.0,175.0,0.15
727,10465,1,1,850.0,610.0,0.0
728,10466,7,1,55.0,26.0,0.0
729,10467,8,1,70.0,33.0,0.05
730,10468,5,1,280.0,175.0,0.0
731,10468,2,1,250.0,175.0,0.0
732,10469,4,2,115.0,62.0,0.05
733,10469,8,1,70.0,33.0,0.0
734,10470,11,3,48.0,22.0,0.0
735,10470,10,1,35.0,15.0,0.0
736,10470,4,2,115.0,62.0,0.1
737,10471,5,1,280.0,175.0,0.0
738,10472,7,1,55.0,26.0,0.1
739,10473,4,1,115.0,62.0,0.1
740,10474,6,1,195.0,112.0,0.1
741,10475,8,1,70.0,33.0,0.05
742,10475,9,2,85.0,43.0,0.05
743,10476,3,1,380.0,270.0,0.0
744,10477,11,1,48.0,22.0,0.05
745,10478,6,2,195.0,112.0,0.0
746,10479,8,1,70.0,33.0,0.0
747,10480,10,1,35.0,15.0,0.1
748,10481,7,3,55.0,26.0,0.05
749,10481,3,1,380.0,270.0,0.05
750,10482,10,1,35.0,15.0,0.05
751,10482,12,2,18.0,7.0,0.0
752,10483,3,2,380.0,270.0,0.1
753,10484,1,1,850.0,610.0,0.0
754,10484,10,1,35.0,15.0,0.05
755,10484,9,1,85.0,43.0,0.0
756,10485,7,1,55.0,26.0,0.0
757,10486,6,1,195.0,112.0,0.0
758,10487,12,1,18.0,7.0,0.0
759,10488,10,1,35.0,15.0,0.15
760,10488,7,2,55.0,26.0,0.05
761,10489,2,1,250.0,175.0,0.0
762,10490,7,1,55.0,26.0,0.15
763,10491,10,1,35.0,15.0,0.15
764,10492,9,1,85.0,43.0,0.1
765,10493,10,2,35.0,15.0,0.15
766,10494,11,2,48.0,22.0,0.05
767,10495,5,1,280.0,175.0,0.0
768,10496,5,1,280.0,175.0,0.05
769,10496,4,1,115.0,62.0,0.0
770,10496,10,1,35.0,15.0,0.1
771,10497,7,1,55.0,26.0,0.1
772,10498,7,1,55.0,26.0,0.05
773,10499,4,1,115.0,62.0,0.0
774,10500,7,2,55.0,26.0,0.2
775,10501,4,1,115.0,62.0,0.15
776,10501,10,1,35.0,15.0,0.1
777,10502,12,1,18.0,7.0,0.15
778,10503,2,1,250.0,175.0,0.2
779,10503,1,2,850.0,610.0,0.2
780,10503,3,1,380.0,270.0,0.1
781,10504,7,1,55.0,26.0,0.0
782,10505,10,1,35.0,15.0,0.0
783,10505,6,2,195.0,112.0,0.0
784,10506,2,1,250.0,175.0,0.0
785,10506,6,1,195.0,112.0,0.05
786,10507,2,2,250.0,175.0,0.0
787,10507,3,1,380.0,270.0,0.05
788,10507,6,1,195.0,112.0,0.2
789,10508,10,1,35.0,15.0,0.0
790,10509,9,1,85.0,43.0,0.0
791,10510,6,2,195.0,112.0,0.1
792,10510,1,1,850.0,610.0,0.0
793,10511,1,1,850.0,610.0,0.05
794,10512,3,3,380.0,270.0,0.05
795,10513,3,1,380.0,270.0,0.0
796,10514,12,1,18.0,7.0,0.0
797,10514,3,1,380.0,270.0,0.1
798,10515,6,2,195.0,112.0,0.0
799,10515,8,1,70.0,33.0,0.15
800,10515,2,1,250.0,175.0,0.05
801,10516,1,1,850.0,610.0,0.0
802,10516,12,1,18.0,7.0,0.2
803,10516,9,1,85.0,43.0,0.0
804,10517,2,1,250.0,175.0,0.0
805,10518,9,1,85.0,43.0,0.0
806,10518,6,1,195.0,112.0,0.0
807,10519,12,2,18.0,7.0,0.0
808,10519,3,1,380.0,270.0,0.0
809,10520,9,1,85.0,43.0,0.0
810,10521,4,1,115.0,62.0,0.0
811,10522,3,1,380.0,270.0,0.05
812,10523,1,1,850.0,610.0,0.0
813,10524,10,2,35.0,15.0,0.15
814,10524,3,1,380.0,270.0,0.0
815,10524,12,1,18.0,7.0,0.0
816,10525,3,2,380.0,270.0,0.0
817,10526,5,1,280.0,175.0,0.15
818,10527,6,2,195.0,112.0,0.0
819,10528,11,1,48.0,22.0,0.0
820,10529,3,1,380.0,270.0,0.05
821,10529,7,1,55.0,26.0,0.0
822,10530,2,1,250.0,175.0,0.15
823,10530,12,1,18.0,7.0,0.15
824,10531,2,1,250.0,175.0,0.1
825,10531,12,1,18.0,7.0,0.05
826,10531,3,1,380.0,270.0,0.05
827,10532,4,1,115.0,62.0,0.0
828,10532,6,2,195.0,112.0,0.0
829,10533,12,1,18.0,7.0,0.1
830,10533,5,3,280.0,175.0,0.05
831,10534,12,1,18.0,7.0,0.0
832,10535,9,1,85.0,43.0,0.0
833,10535,11,1,48.0,22.0,0.1
834,10536,11,1,48.0,22.0,0.1
835,10536,7,1,55.0,26.0,0.0
836,10536,6,1,195.0,112.0,0.0
837,10537,4,1,115.0,62.0,0.0
838,10537,6,1,195.0,112.0,0.05
839,10538,7,1,55.0,26.0,0.1
840,10539,3,1,380.0,270.0,0.0
841,10540,10,1,35.0,15.0,0.15
842,10540,6,2,195.0,112.0,0.0
843,10541,1,1,850.0,610.0,0.2
844,10542,2,1,250.0,175.0,0.15
845,10542,3,1,380.0,270.0,0.15
846,10542,10,1,35.0,15.0,0.1
847,10543,10,2,35.0,15.0,0.05
848,10544,6,2,195.0,112.0,0.0
849,10544,10,1,35.0,15.0,0.05
850,10545,5,2,280.0,175.0,0.1
851,10546,2,1,250.0,175.0,0.05
852,10547,8,1,70.0,33.0,0.15
853,10547,7,2,55.0,26.0,0.0
854,10548,8,1,70.0,33.0,0.0
855,10548,5,3,280.0,175.0,0.0
856,10549,10,1,35.0,15.0,0.0
857,10550,12,1,18.0,7.0,0.1
858,10550,3,2,380.0,270.0,0.0
859,10551,3,1,380.0,270.0,0.05
860,10551,2,1,250.0,175.0,0.0
861,10552,5,1,280.0,175.0,0.0
862,10553,10,1,35.0,15.0,0.1
863,10554,8,1,70.0,33.0,0.05
864,10555,7,2,55.0,26.0,0.15
865,10555,2,1,250.0,175.0,0.0
866,10556,9,1,85.0,43.0,0.0
867,10556,8,2,70.0,33.0,0.0
868,10557,6,1,195.0,112.0,0.0
869,10558,8,1,70.0,33.0,0.05
870,10559,1,2,850.0,610.0,0.05
871,10560,10,1,35.0,15.0,0.0
872,10561,3,1,380.0,270.0,0.1
873,10562,4,1,115.0,62.0,0.05
874,10563,3,1,380.0,270.0,0.1
875,10564,1,1,850.0,610.0,0.1
876,10565,1,1,850.0,610.0,0.15
877,10565,4,2,115.0,62.0,0.15
878,10566,9,3,85.0,43.0,0.1
879,10567,7,3,55.0,26.0,0.05
880,10568,8,1,70.0,33.0,0.1
881,10569,2,1,250.0,175.0,0.05
882,10570,11,1,48.0,22.0,0.0
883,10571,7,1,55.0,26.0,0.0
884,10572,1,1,850.0,610.0,0.05
885,10572,10,1,35.0,15.0,0.05
886,10573,2,1,250.0,175.0,0.0
887,10574,8,1,70.0,33.0,0.1
888,10575,2,1,250.0,175.0,0.0
889,10576,9,2,85.0,43.0,0.0
890,10577,4,1,115.0,62.0,0.0
891,10577,5,1,280.0,175.0,0.0
892,10578,10,1,35.0,15.0,0.0
893,10579,2,1,250.0,175.0,0.0
894,10580,4,1,115.0,62.0,0.0
895,10581,5,1,280.0,175.0,0.05
896,10582,11,1,48.0,22.0,0.05
897,10583,11,1,48.0,22.0,0.2
898,10584,4,1,115.0,62.0,0.05
899,10585,7,1,55.0,26.0,0.05
900,10586,2,1,250.0,175.0,0.0
901,10586,1,1,850.0,610.0,0.2
902,10587,1,2,850.0,610.0,0.15
903,10588,2,1,250.0,175.0,0.05
904,10589,11,3,48.0,22.0,0.0
905,10589,6,1,195.0,112.0,0.0
906,10590,11,1,48.0,22.0,0.0
907,10591,12,1,18.0,7.0,0.05
908,10592,8,1,70.0,33.0,0.1
909,10592,12,1,18.0,7.0,0.15
910,10593,5,1,280.0,175.0,0.0
911,10594,12,2,18.0,7.0,0.05
912,10595,12,2,18.0,7.0,0.05
913,10595,2,1,250.0,175.0,0.0
914,10596,4,1,115.0,62.0,0.05
915,10596,7,1,55.0,26.0,0.15
916,10597,2,1,250.0,175.0,0.1
917,10598,8,2,70.0,33.0,0.05
918,10599,11,1,48.0,22.0,0.05
919,10600,7,3,55.0,26.0,0.05
920,10600,5,1,280.0,175.0,0.05
921,10600,1,2,850.0,610.0,0.0
922,10601,9,1,85.0,43.0,0.0
923,10601,8,1,70.0,33.0,0.0
924,10601,7,1,55.0,26.0,0.05
925,10602,12,1,18.0,7.0,0.0
926,10602,4,2,115.0,62.0,0.05
927,10603,3,2,380.0,270.0,0.0
928,10604,6,1,195.0,112.0,0.0
929,10604,11,1,48.0,22.0,0.0
930,10605,6,2,195.0,112.0,0.0
931,10605,1,2,850.0,610.0,0.1
932,10606,7,2,55.0,26.0,0.15
933,10606,12,2,18.0,7.0,0.05
934,10607,4,1,115.0,62.0,0.1
935,10607,2,1,250.0,175.0,0.15
936,10607,3,1,380.0,270.0,0.0
937,10608,7,1,55.0,26.0,0.0
938,10609,11,1,48.0,22.0,0.0
939,10609,9,1,85.0,43.0,0.0
940,10609,3,2,380.0,270.0,0.0
941,10610,8,1,70.0,33.0,0.0
942,10610,7,3,55.0,26.0,0.15
943,10610,9,2,85.0,43.0,0.05
944,10611,8,2,70.0,33.0,0.1
945,10612,10,1,35.0,15.0,0.05
946,10612,2,1,250.0,175.0,0.1
947,10612,11,1,48.0,22.0,0.1
948,10613,1,1,850.0,610.0,0.0
949,10613,8,1,70.0,33.0,0.1
950,10614,2,1,250.0,175.0,0.1
951,10615,12,1,18.0,7.0,0.15
952,10615,9,1,85.0,43.0,0.0
953,10615,10,1,35.0,15.0,0.1
954,10616,10,1,35.0,15.0,0.05
955,10617,1,1,850.0,610.0,0.1
956,10617,12,1,18.0,7.0,0.05
957,10618,6,1,195.0,112.0,0.1
958,10618,11,1,48.0,22.0,0.1
959,10619,1,2,850.0,610.0,0.0
960,10620,8,2,70.0,33.0,0.15
961,10621,4,2,115.0,62.0,0.0
962,10622,9,1,85.0,43.0,0.05
963,10623,10,1,35.0,15.0,0.0
964,10623,1,1,850.0,610.0,0.05
965,10623,2,1,250.0,175.0,0.0
966,10624,10,1,35.0,15.0,0.0
967,10624,3,3,380.0,270.0,0.1
968,10624,12,3,18.0,7.0,0.05
969,10625,8,1,70.0,33.0,0.0
970,10625,3,1,380.0,270.0,0.0
971,10626,11,2,48.0,22.0,0.0
972,10626,3,1,380.0,270.0,0.1
973,10626,6,1,195.0,112.0,0.1
974,10627,11,1,48.0,22.0,0.0
975,10628,4,1,115.0,62.0,0.15
976,10629,6,1,195.0,112.0,0.0
977,10630,6,1,195.0,112.0,0.1
978,10631,10,1,35.0,15.0,0.0
979,10632,7,3,55.0,26.0,0.0
980,10633,8,1,70.0,33.0,0.0
981,10633,12,1,18.0,7.0,0.0
982,10634,2,2,250.0,175.0,0.1
983,10635,10,1,35.0,15.0,0.05
984,10635,5,2,280.0,175.0,0.0
985,10635,11,3,48.0,22.0,0.2
986,10636,11,1,48.0,22.0,0.0
987,10636,8,2,70.0,33.0,0.0
988,10637,3,1,380.0,270.0,0.2
989,10638,11,1,48.0,22.0,0.1
990,10639,5,1,280.0,175.0,0.15
991,10639,11,1,48.0,22.0,0.0
992,10640,3,2,380.0,270.0,0.0
993,10640,6,1,195.0,112.0,0.05
994,10641,4,2,115.0,62.0,0.05
995,10642,6,1,195.0,112.0,0.05
996,10643,1,2,850.0,610.0,0.0
997,10643,9,1,85.0,43.0,0.0
998,10644,1,1,850.0,610.0,0.05
999,10645,3,3,380.0,270.0,0.1
1000,10645,6,2,195.0,112.0,0.05
1001,10646,6,1,195.0,112.0,0.0
1002,10647,3,1,380.0,270.0,0.0
1003,10647,8,1,70.0,33.0,0.1
1004,10648,5,2,280.0,175.0,0.0
1005,10649,2,1,250.0,175.0,0.1
1006,10650,8,2,70.0,33.0,0.05
1007,10650,5,1,280.0,175.0,0.05
1008,10651,12,1,18.0,7.0,0.0
1009,10651,6,1,195.0,112.0,0.0
1010,10651,11,2,48.0,22.0,0.0
1011,10652,2,1,250.0,175.0,0.0
1012,10653,7,3,55.0,26.0,0.0
1013,10654,7,2,55.0,26.0,0.0
1014,10654,2,1,250.0,175.0,0.0
1015,10654,12,1,18.0,7.0,0.0
1016,10655,12,2,18.0,7.0,0.0
1017,10655,10,2,35.0,15.0,0.0
1018,10656,11,1,48.0,22.0,0.1
1019,10656,3,3,380.0,270.0,0.0
1020,10656,12,1,18.0,7.0,0.0
1021,10657,6,1,195.0,112.0,0.2
1022,10657,7,3,55.0,26.0,0.1
1023,10658,1,1,850.0,610.0,0.05
1024,10659,4,1,115.0,62.0,0.05
1025,10660,9,2,85.0,43.0,0.0
1026,10661,9,3,85.0,43.0,0.0
1027,10662,10,1,35.0,15.0,0.15
1028,10662,12,1,18.0,7.0,0.2
1029,10663,4,1,115.0,62.0,0.15
1030,10663,3,1,380.0,270.0,0.0
1031,10663,6,1,195.0,112.0,0.0
1032,10664,3,1,380.0,270.0,0.0
1033,10665,1,2,850.0,610.0,0.0
1034,10666,7,1,55.0,26.0,0.0
1035,10666,4,3,115.0,62.0,0.0
1036,10667,4,1,115.0,62.0,0.0
1037,10667,9,1,85.0,43.0,0.0
1038,10667,11,1,48.0,22.0,0.0
1039,10668,12,1,18.0,7.0,0.05
1040,10668,6,1,195.0,112.0,0.0
1041,10669,4,2,115.0,62.0,0.0
1042,10669,6,1,195.0,112.0,0.05
1043,10670,9,2,85.0,43.0,0.0
1044,10670,3,1,380.0,270.0,0.15
1045,10671,11,1,48.0,22.0,0.15
1046,10672,7,2,55.0,26.0,0.05
1047,10673,8,2,70.0,33.0,0.0
1048,10673,4,2,115.0,62.0,0.0
1049,10674,4,1,115.0,62.0,0.0
1050,10674,3,1,380.0,270.0,0.0
1051,10675,3,1,380.0,270.0,0.1
1052,10675,10,1,35.0,15.0,0.15
1053,10675,2,2,250.0,175.0,0.0
1054,10676,8,1,70.0,33.0,0.2
1055,10677,11,2,48.0,22.0,0.05
1056,10677,5,2,280.0,175.0,0.0
1057,10677,10,3,35.0,15.0,0.1
1058,10678,12,1,18.0,7.0,0.0
1059,10679,3,3,380.0,270.0,0.05
1060,10680,8,1,70.0,33.0,0.0
1061,10680,2,1,250.0,175.0,0.0
1062,10681,2,3,250.0,175.0,0.0
1063,10682,1,1,850.0,610.0,0.05
1064,10683,6,1,195.0,112.0,0.0
1065,10683,7,2,55.0,26.0,0.1
1066,10683,2,2,250.0,175.0,0.0
1067,10684,4,1,115.0,62.0,0.0
1068,10685,8,1,70.0,33.0,0.15
1069,10686,5,1,280.0,175.0,0.2
1070,10686,2,1,250.0,175.0,0.0
1071,10686,3,1,380.0,270.0,0.0
1072,10687,7,2,55.0,26.0,0.0
1073,10688,2,1,250.0,175.0,0.1
1074,10689,2,2,250.0,175.0,0.0
1075,10690,11,1,48.0,22.0,0.05
1076,10690,12,1,18.0,7.0,0.0
1077,10691,1,1,850.0,610.0,0.0
1078,10692,9,1,85.0,43.0,0.1
1079,10693,5,1,280.0,175.0,0.05
1080,10693,12,2,18.0,7.0,0.15
1081,10694,8,1,70.0,33.0,0.0
1082,10694,7,1,55.0,26.0,0.0
1083,10695,12,2,18.0,7.0,0.05
1084,10696,7,1,55.0,26.0,0.15
1085,10696,12,1,18.0,7.0,0.15
1086,10697,5,1,280.0,175.0,0.0
1087,10698,2,3,250.0,175.0,0.05
1088,10699,7,2,55.0,26.0,0.0
1089,10700,12,1,18.0,7.0,0.0
1090,10701,2,1,250.0,175.0,0.05
1091,10702,7,3,55.0,26.0,0.0
1092,10702,2,1,250.0,175.0,0.05
1093,10703,3,1,380.0,270.0,0.1
1094,10703,12,1,18.0,7.0,0.15
1095,10703,1,1,850.0,610.0,0.05
1096,10704,2,1,250.0,175.0,0.2
1097,10704,5,1,280.0,175.0,0.15
1098,10705,9,2,85.0,43.0,0.15
1099,10706,10,1,35.0,15.0,0.0
1100,10706,6,1,195.0,112.0,0.0
1101,10706,11,1,48.0,22.0,0.0
1102,10707,11,1,48.0,22.0,0.15
1103,10708,4,2,115.0,62.0,0.15
1104,10708,8,1,70.0,33.0,0.0
1105,10709,8,1,70.0,33.0,0.05
1106,10710,2,1,250.0,175.0,0.15
1107,10710,11,1,48.0,22.0,0.2
1108,10711,9,1,85.0,43.0,0.1
1109,10711,10,1,35.0,15.0,0.0
1110,10712,8,1,70.0,33.0,0.0
1111,10713,9,1,85.0,43.0,0.1
1112,10714,1,1,850.0,610.0,0.0
1113,10715,10,1,35.0,15.0,0.2
1114,10716,3,1,380.0,270.0,0.1
1115,10717,11,1,48.0,22.0,0.05
1116,10717,1,1,850.0,610.0,0.05
1117,10718,9,1,85.0,43.0,0.05
1118,10718,4,1,115.0,62.0,0.0
1119,10718,10,1,35.0,15.0,0.0
1120,10719,2,1,250.0,175.0,0.0
1121,10719,4,1,115.0,62.0,0.0
1122,10720,6,1,195.0,112.0,0.15
1123,10721,1,1,850.0,610.0,0.05
1124,10721,3,1,380.0,270.0,0.0
1125,10722,8,2,70.0,33.0,0.0
1126,10722,2,1,250.0,175.0,0.1
1127,10723,9,2,85.0,43.0,0.15
1128,10724,3,1,380.0,270.0,0.15
1129,10725,3,1,380.0,270.0,0.1
1130,10726,12,2,18.0,7.0,0.05
1131,10726,8,2,70.0,33.0,0.1
1132,10727,7,1,55.0,26.0,0.0
1133,10727,9,1,85.0,43.0,0.2
1134,10728,9,3,85.0,43.0,0.0
1135,10729,6,1,195.0,112.0,0.0
1136,10729,9,1,85.0,43.0,0.0
1137,10730,7,1,55.0,26.0,0.0
1138,10730,12,1,18.0,7.0,0.15
1139,10731,6,1,195.0,112.0,0.0
1140,10731,3,3,380.0,270.0,0.0
1141,10731,9,1,85.0,43.0,0.05
1142,10732,1,1,850.0,610.0,0.0
1143,10733,11,2,48.0,22.0,0.1
1144,10733,2,2,250.0,175.0,0.05
1145,10734,12,1,18.0,7.0,0.05
1146,10735,10,1,35.0,15.0,0.05
1147,10735,2,2,250.0,175.0,0.1
1148,10736,6,1,195.0,112.0,0.1
1149,10736,2,3,250.0,175.0,0.05
1150,10737,1,2,850.0,610.0,0.0
1151,10738,9,1,85.0,43.0,0.05
1152,10738,3,1,380.0,270.0,0.0
1153,10739,6,1,195.0,112.0,0.05
1154,10740,11,1,48.0,22.0,0.0
1155,10740,2,1,250.0,175.0,0.05
1156,10741,5,1,280.0,175.0,0.05
1157,10741,4,1,115.0,62.0,0.0
1158,10741,8,3,70.0,33.0,0.05
1159,10742,2,3,250.0,175.0,0.0
1160,10742,7,1,55.0,26.0,0.1
1161,10743,5,1,280.0,175.0,0.0
1162,10744,6,2,195.0,112.0,0.0
1163,10744,10,2,35.0,15.0,0.1
1164,10744,11,1,48.0,22.0,0.0
1165,10745,11,1,48.0,22.0,0.0
1166,10745,10,1,35.0,15.0,0.0
1167,10746,12,1,18.0,7.0,0.15
1168,10747,4,1,115.0,62.0,0.1
1169,10748,4,1,115.0,62.0,0.0
1170,10749,12,1,18.0,7.0,0.05
1171,10750,7,2,55.0,26.0,0.0
1172,10751,7,2,55.0,26.0,0.05
1173,10752,8,2,70.0,33.0,0.0
1174,10752,6,3,195.0,112.0,0.1
1175,10753,6,1,195.0,112.0,0.1
1176,10753,10,1,35.0,15.0,0.0
1177,10753,3,1,380.0,270.0,0.1
1178,10754,7,1,55.0,26.0,0.15
1179,10754,8,1,70.0,33.0,0.0
1180,10755,4,2,115.0,62.0,0.0
1181,10756,11,2,48.0,22.0,0.0
1182,10757,12,1,18.0,7.0,0.0
1183,10758,12,1,18.0,7.0,0.0
1184,10758,10,1,35.0,15.0,0.05
1185,10759,7,1,55.0,26.0,0.1
1186,10760,2,1,250.0,175.0,0.1
1187,10760,10,1,35.0,15.0,0.0
1188,10761,8,2,70.0,33.0,0.0
1189,10761,3,1,380.0,270.0,0.0
1190,10761,6,1,195.0,112.0,0.1
1191,10762,9,2,85.0,43.0,0.1
1192,10763,8,1,70.0,33.0,0.0
1193,10763,6,1,195.0,112.0,0.05
1194,10763,1,1,850.0,610.0,0.0
1195,10764,5,1,280.0,175.0,0.0
1196,10765,11,1,48.0,22.0,0.1
1197,10765,5,1,280.0,175.0,0.0
1198,10766,6,2,195.0,112.0,0.1
1199,10766,9,1,85.0,43.0,0.05
1200,10767,8,1,70.0,33.0,0.1
1201,10768,1,1,850.0,610.0,0.05
1202,10768,3,1,380.0,270.0,0.15
1203,10769,6,1,195.0,112.0,0.05
1204,10769,1,1,850.0,610.0,0.15
1205,10769,8,2,70.0,33.0,0.0
1206,10770,7,2,55.0,26.0,0.1
1207,10770,9,2,85.0,43.0,0.1
1208,10770,1,1,850.0,610.0,0.15
1209,10771,9,1,85.0,43.0,0.15
1210,10772,12,2,18.0,7.0,0.1
1211,10772,6,2,195.0,112.0,0.1
1212,10773,5,1,280.0,175.0,0.1
1213,10774,6,1,195.0,112.0,0.0
1214,10775,11,1,48.0,22.0,0.05
1215,10776,6,1,195.0,112.0,0.05
1216,10777,6,1,195.0,112.0,0.1
1217,10777,1,1,850.0,610.0,0.2
1218,10778,4,1,115.0,62.0,0.1
1219,10778,11,1,48.0,22.0,0.0
1220,10779,10,1,35.0,15.0,0.15
1221,10780,10,2,35.0,15.0,0.1
1222,10780,3,1,380.0,270.0,0.1
1223,10781,2,1,250.0,175.0,0.1
1224,10782,2,1,250.0,175.0,0.05
1225,10783,3,1,380.0,270.0,0.1
1226,10784,3,1,380.0,270.0,0.1
1227,10785,8,1,70.0,33.0,0.05
1228,10785,4,1,115.0,62.0,0.05
1229,10786,12,1,18.0,7.0,0.05
1230,10787,3,1,380.0,270.0,0.0
1231,10788,6,1,195.0,112.0,0.05
1232,10788,7,1,55.0,26.0,0.0
1233,10788,9,1,85.0,43.0,0.0
1234,10789,3,1,380.0,270.0,0.0
1235,10790,3,2,380.0,270.0,0.0
1236,10791,10,1,35.0,15.0,0.1
1237,10791,4,1,115.0,62.0,0.1
1238,10792,7,1,55.0,26.0,0.1
1239,10793,6,2,195.0,112.0,0.0
1240,10794,5,1,280.0,175.0,0.05
1241,10795,11,1,48.0,22.0,0.15
1242,10796,12,1,18.0,7.0,0.0
1243,10797,4,2,115.0,62.0,0.0
1244,10798,6,2,195.0,112.0,0.15
1245,10798,7,1,55.0,26.0,0.0
1246,10798,9,1,85.0,43.0,0.0
1247,10799,5,1,280.0,175.0,0.0
1248,10799,11,3,48.0,22.0,0.0
1249,10800,12,1,18.0,7.0,0.1
1250,10801,12,1,18.0,7.0,0.0
1251,10802,7,2,55.0,26.0,0.05
1252,10803,10,1,35.0,15.0,0.0
1253,10803,7,1,55.0,26.0,0.0
1254,10804,9,1,85.0,43.0,0.0
1255,10805,7,1,55.0,26.0,0.0
1256,10805,12,1,18.0,7.0,0.0
1257,10806,12,2,18.0,7.0,0.15
1258,10807,8,1,70.0,33.0,0.05
1259,10807,10,2,35.0,15.0,0.1
1260,10807,6,1,195.0,112.0,0.1
1261,10808,9,1,85.0,43.0,0.0
1262,10809,8,1,70.0,33.0,0.0
1263,10809,5,1,280.0,175.0,0.2
1264,10810,1,1,850.0,610.0,0.05
1265,10810,6,1,195.0,112.0,0.0
1266,10811,2,1,250.0,175.0,0.0
1267,10811,10,1,35.0,15.0,0.0
1268,10812,11,2,48.0,22.0,0.15
1269,10812,4,2,115.0,62.0,0.0
1270,10813,2,2,250.0,175.0,0.0
1271,10814,2,2,250.0,175.0,0.1
1272,10815,7,2,55.0,26.0,0.1
1273,10816,3,2,380.0,270.0,0.05
1274,10817,12,1,18.0,7.0,0.0
1275,10817,4,1,115.0,62.0,0.1
1276,10818,8,1,70.0,33.0,0.0
1277,10819,4,1,115.0,62.0,0.1
1278,10820,11,1,48.0,22.0,0.0
1279,10821,9,1,85.0,43.0,0.05
1280,10822,5,2,280.0,175.0,0.15
1281,10822,11,1,48.0,22.0,0.0
1282,10823,9,1,85.0,43.0,0.2
1283,10824,4,1,115.0,62.0,0.0
1284,10825,6,2,195.0,112.0,0.0
1285,10825,8,1,70.0,33.0,0.05
1286,10825,11,2,48.0,22.0,0.2
1287,10826,8,2,70.0,33.0,0.15
1288,10827,4,1,115.0,62.0,0.05
1289,10827,6,1,195.0,112.0,0.2
1290,10827,7,2,55.0,26.0,0.0
1291,10828,5,1,280.0,175.0,0.05
1292,10829,10,1,35.0,15.0,0.1
1293,10830,7,1,55.0,26.0,0.1
1294,10831,10,1,35.0,15.0,0.15
1295,10832,9,1,85.0,43.0,0.0
1296,10833,8,1,70.0,33.0,0.1
1297,10834,8,2,70.0,33.0,0.1
1298,10834,2,1,250.0,175.0,0.0
1299,10835,11,1,48.0,22.0,0.0
1300,10836,3,1,380.0,270.0,0.1
1301,10837,3,1,380.0,270.0,0.05
1302,10837,2,1,250.0,175.0,0.05
1303,10838,6,1,195.0,112.0,0.0
1304,10839,7,3,55.0,26.0,0.15
1305,10839,9,1,85.0,43.0,0.0
1306,10839,11,2,48.0,22.0,0.05
1307,10840,8,1,70.0,33.0,0.0
1308,10840,11,1,48.0,22.0,0.15
1309,10841,7,1,55.0,26.0,0.1
1310,10841,10,1,35.0,15.0,0.0
1311,10841,12,1,18.0,7.0,0.0
1312,10842,7,2,55.0,26.0,0.1
1313,10842,10,1,35.0,15.0,0.05
1314,10842,11,2,48.0,22.0,0.1
1315,10843,8,2,70.0,33.0,0.0
1316,10843,12,1,18.0,7.0,0.1
1317,10843,3,2,380.0,270.0,0.2
1318,10844,2,1,250.0,175.0,0.05
1319,10844,5,2,280.0,175.0,0.15
1320,10845,11,1,48.0,22.0,0.05
1321,10845,6,2,195.0,112.0,0.2
1322,10846,4,1,115.0,62.0,0.05
1323,10846,10,1,35.0,15.0,0.05
1324,10846,7,1,55.0,26.0,0.2
1325,10847,5,2,280.0,175.0,0.15
1326,10847,3,2,380.0,270.0,0.0
1327,10848,6,1,195.0,112.0,0.05
1328,10849,2,1,250.0,175.0,0.1
1329,10850,8,1,70.0,33.0,0.1
1330,10851,12,2,18.0,7.0,0.0
1331,10852,6,1,195.0,112.0,0.0
1332,10852,11,1,48.0,22.0,0.05
1333,10853,9,2,85.0,43.0,0.1
1334,10853,8,1,70.0,33.0,0.05
1335,10854,6,1,195.0,112.0,0.15
1336,10854,12,2,18.0,7.0,0.0
1337,10855,1,1,850.0,610.0,0.05
1338,10856,9,1,85.0,43.0,0.05
1339,10857,1,1,850.0,610.0,0.0
1340,10858,6,1,195.0,112.0,0.0
1341,10859,5,1,280.0,175.0,0.1
1342,10860,10,1,35.0,15.0,0.2
1343,10861,11,1,48.0,22.0,0.05
1344,10861,10,2,35.0,15.0,0.1
1345,10862,8,1,70.0,33.0,0.0
1346,10862,3,3,380.0,270.0,0.0
1347,10863,9,1,85.0,43.0,0.15
1348,10864,2,1,250.0,175.0,0.1
1349,10864,8,1,70.0,33.0,0.0
1350,10865,3,1,380.0,270.0,0.0
1351,10866,1,1,850.0,610.0,0.0
1352,10867,5,1,280.0,175.0,0.2
1353,10867,2,2,250.0,175.0,0.0
1354,10868,8,2,70.0,33.0,0.0
1355,10869,1,2,850.0,610.0,0.15
1356,10870,11,1,48.0,22.0,0.0
1357,10871,2,1,250.0,175.0,0.1
1358,10871,3,1,380.0,270.0,0.15
1359,10872,9,3,85.0,43.0,0.0
1360,10872,2,1,250.0,175.0,0.0
1361,10872,10,1,35.0,15.0,0.05
1362,10873,9,1,85.0,43.0,0.0
1363,10874,5,1,280.0,175.0,0.1
1364,10875,12,1,18.0,7.0,0.2
1365,10876,10,1,35.0,15.0,0.1
1366,10876,3,1,380.0,270.0,0.1
1367,10877,8,1,70.0,33.0,0.15
1368,10878,12,2,18.0,7.0,0.05
1369,10879,12,1,18.0,7.0,0.2
1370,10880,4,1,115.0,62.0,0.0
1371,10880,8,1,70.0,33.0,0.0
1372,10881,3,2,380.0,270.0,0.0
1373,10882,4,1,115.0,62.0,0.0
1374,10882,5,2,280.0,175.0,0.05
1375,10882,9,1,85.0,43.0,0.1
1376,10883,11,2,48.0,22.0,0.05
1377,10884,10,2,35.0,15.0,0.15
1378,10884,7,1,55.0,26.0,0.1
1379,10885,5,2,280.0,175.0,0.0
1380,10885,7,1,55.0,26.0,0.1
1381,10885,1,2,850.0,610.0,0.0
1382,10886,10,1,35.0,15.0,0.2
1383,10887,11,1,48.0,22.0,0.05
1384,10888,4,1,115.0,62.0,0.05
1385,10888,1,1,850.0,610.0,0.0
1386,10888,8,1,70.0,33.0,0.05
1387,10889,4,2,115.0,62.0,0.0
1388,10890,2,1,250.0,175.0,0.0
1389,10890,8,1,70.0,33.0,0.0
1390,10890,3,1,380.0,270.0,0.05
1391,10891,5,1,280.0,175.0,0.0
1392,10892,12,1,18.0,7.0,0.2
1393,10893,12,2,18.0,7.0,0.0
1394,10893,4,1,115.0,62.0,0.15
1395,10893,3,1,380.0,270.0,0.1
1396,10894,8,1,70.0,33.0,0.0
1397,10895,2,1,250.0,175.0,0.1
1398,10896,11,1,48.0,22.0,0.0
1399,10897,5,2,280.0,175.0,0.0
1400,10898,1,1,850.0,610.0,0.2
1401,10899,5,1,280.0,175.0,0.05
1402,10899,3,1,380.0,270.0,0.0
1403,10900,5,1,280.0,175.0,0.0
1404,10901,1,1,850.0,610.0,0.0
1405,10901,2,3,250.0,175.0,0.0
1406,10901,12,2,18.0,7.0,0.0
1407,10902,5,3,280.0,175.0,0.05
1408,10903,11,2,48.0,22.0,0.05
1409,10904,12,2,18.0,7.0,0.0
1410,10905,2,1,250.0,175.0,0.05
1411,10906,6,1,195.0,112.0,0.0
1412,10907,3,1,380.0,270.0,0.0
1413,10908,5,3,280.0,175.0,0.1
1414,10908,8,3,70.0,33.0,0.0
1415,10908,10,1,35.0,15.0,0.1
1416,10909,6,1,195.0,112.0,0.2
1417,10910,12,1,18.0,7.0,0.05
1418,10910,2,2,250.0,175.0,0.15
1419,10911,10,1,35.0,15.0,0.0
1420,10911,11,1,48.0,22.0,0.05
1421,10911,7,2,55.0,26.0,0.05
1422,10912,12,2,18.0,7.0,0.1
1423,10913,1,1,850.0,610.0,0.1
1424,10914,4,2,115.0,62.0,0.0
1425,10914,3,1,380.0,270.0,0.2
1426,10915,2,1,250.0,175.0,0.0
1427,10916,7,1,55.0,26.0,0.1
1428,10916,4,2,115.0,62.0,0.0
1429,10916,6,1,195.0,112.0,0.0
1430,10917,7,1,55.0,26.0,0.0
1431,10918,9,1,85.0,43.0,0.1
1432,10918,2,2,250.0,175.0,0.1
1433,10919,5,1,280.0,175.0,0.05
1434,10919,12,1,18.0,7.0,0.2
1435,10920,10,1,35.0,15.0,0.1
1436,10921,11,3,48.0,22.0,0.1
1437,10921,9,1,85.0,43.0,0.1
1438,10922,6,1,195.0,112.0,0.0
1439,10923,5,1,280.0,175.0,0.0
1440,10924,6,3,195.0,112.0,0.15
1441,10925,2,1,250.0,175.0,0.15
1442,10925,11,2,48.0,22.0,0.0
1443,10926,3,1,380.0,270.0,0.05
1444,10927,5,1,280.0,175.0,0.0
1445,10927,7,1,55.0,26.0,0.0
1446,10928,5,1,280.0,175.0,0.1
1447,10929,10,1,35.0,15.0,0.2
1448,10930,11,1,48.0,22.0,0.1
1449,10931,8,1,70.0,33.0,0.05
1450,10932,5,1,280.0,175.0,0.1
1451,10933,12,1,18.0,7.0,0.0
1452,10934,1,1,850.0,610.0,0.0
1453,10935,5,1,280.0,175.0,0.0
1454,10936,12,1,18.0,7.0,0.1
1455,10937,9,2,85.0,43.0,0.05
1456,10937,4,2,115.0,62.0,0.0
1457,10938,1,1,850.0,610.0,0.05
1458,10938,12,2,18.0,7.0,0.0
1459,10939,1,3,850.0,610.0,0.1
1460,10940,1,2,850.0,610.0,0.0
1461,10941,7,1,55.0,26.0,0.1
1462,10941,12,3,18.0,7.0,0.2
1463,10942,4,2,115.0,62.0,0.05
1464,10942,5,1,280.0,175.0,0.1
1465,10942,8,2,70.0,33.0,0.15
1466,10943,4,1,115.0,62.0,0.0
1467,10944,12,1,18.0,7.0,0.0
1468,10945,9,2,85.0,43.0,0.05
1469,10946,2,1,250.0,175.0,0.05
1470,10946,7,1,55.0,26.0,0.0
1471,10946,9,3,85.0,43.0,0.2
1472,10947,12,2,18.0,7.0,0.1
1473,10947,11,1,48.0,22.0,0.1
1474,10948,3,1,380.0,270.0,0.1
1475,10948,7,2,55.0,26.0,0.0
1476,10949,5,1,280.0,175.0,0.0
1477,10949,7,1,55.0,26.0,0.0
1478,10950,10,2,35.0,15.0,0.0
1479,10951,2,1,250.0,175.0,0.0
1480,10951,11,1,48.0,22.0,0.1
1481,10951,6,1,195.0,112.0,0.05
1482,10952,11,1,48.0,22.0,0.05
1483,10953,7,1,55.0,26.0,0.0
1484,10953,6,2,195.0,112.0,0.05
1485,10954,12,3,18.0,7.0,0.0
1486,10954,8,1,70.0,33.0,0.0
1487,10955,10,1,35.0,15.0,0.1
1488,10956,8,1,70.0,33.0,0.15
1489,10957,6,1,195.0,112.0,0.05
1490,10957,4,1,115.0,62.0,0.0
1491,10958,10,1,35.0,15.0,0.0
1492,10959,8,2,70.0,33.0,0.1
1493,10960,9,2,85.0,43.0,0.05
1494,10961,5,1,280.0,175.0,0.05
1495,10961,10,1,35.0,15.0,0.1
1496,10962,4,1,115.0,62.0,0.0
1497,10962,3,1,380.0,270.0,0.1
1498,10963,9,1,85.0,43.0,0.0
1499,10963,3,1,380.0,270.0,0.05
1500,10964,1,1,850.0,610.0,0.0
1501,10965,6,1,195.0,112.0,0.05
1502,10966,11,3,48.0,22.0,0.0
1503,10967,2,1,250.0,175.0,0.0
1504,10967,10,2,35.0,15.0,0.0
1505,10968,5,2,280.0,175.0,0.0
1506,10968,4,1,115.0,62.0,0.0
1507,10969,5,1,280.0,175.0,0.1
1508,10970,11,1,48.0,22.0,0.05
1509,10970,6,1,195.0,112.0,0.0
1510,10971,5,2,280.0,175.0,0.1
1511,10971,3,1,380.0,270.0,0.1
1512,10972,5,1,280.0,175.0,0.15
1513,10973,6,2,195.0,112.0,0.15
1514,10974,1,2,850.0,610.0,0.2
1515,10975,12,1,18.0,7.0,0.05
1516,10975,3,2,380.0,270.0,0.05
1517,10975,2,1,250.0,175.0,0.0
1518,10976,9,1,85.0,43.0,0.1
1519,10977,8,2,70.0,33.0,0.0
1520,10978,2,1,250.0,175.0,0.0
1521,10979,10,1,35.0,15.0,0.0
1522,10980,8,2,70.0,33.0,0.0
1523,10981,2,1,250.0,175.0,0.05
1524,10982,6,2,195.0,112.0,0.0
1525,10983,6,2,195.0,112.0,0.0
1526,10983,3,1,380.0,270.0,0.05
1527,10983,11,2,48.0,22.0,0.05
1528,10984,2,2,250.0,175.0,0.05
1529,10985,7,1,55.0,26.0,0.05
1530,10985,1,1,850.0,610.0,0.05
1531,10986,3,1,380.0,270.0,0.05
1532,10987,10,1,35.0,15.0,0.0
1533,10988,10,1,35.0,15.0,0.0
1534,10988,8,1,70.0,33.0,0.0
1535,10988,5,2,280.0,175.0,0.2
1536,10989,1,2,850.0,610.0,0.05
1537,10989,5,3,280.0,175.0,0.0
1538,10989,6,1,195.0,112.0,0.1
1539,10990,7,1,55.0,26.0,0.0
1540,10991,11,1,48.0,22.0,0.05
1541,10991,8,1,70.0,33.0,0.0
1542,10992,4,1,115.0,62.0,0.0
1543,10992,6,1,195.0,112.0,0.15
1544,10992,12,2,18.0,7.0,0.1
1545,10993,7,1,55.0,26.0,0.2
1546,10994,9,2,85.0,43.0,0.05
1547,10994,3,1,380.0,270.0,0.1
1548,10995,4,2,115.0,62.0,0.0
1549,10995,8,1,70.0,33.0,0.0
1550,10995,5,1,280.0,175.0,0.15
1551,10996,8,1,70.0,33.0,0.0
1552,10997,2,2,250.0,175.0,0.0
1553,10998,5,2,280.0,175.0,0.0
1554,10999,3,1,380.0,270.0,0.0
1555,10999,8,2,70.0,33.0,0.0
1556,11000,5,1,280.0,175.0,0.0
1557,11000,9,1,85.0,43.0,0.1
1558,11000,8,1,70.0,33.0,0.05
1559,11001,9,2,85.0,43.0,0.0
1560,11002,1,3,850.0,610.0,0.2
1561,11002,5,1,280.0,175.0,0.05
1562,11003,5,1,280.0,175.0,0.0
1563,11003,2,1,250.0,175.0,0.15
1564,11004,11,1,48.0,22.0,0.05
1565,11004,3,1,380.0,270.0,0.0
1566,11004,1,2,850.0,610.0,0.15
1567,11005,1,1,850.0,610.0,0.05
1568,11006,9,2,85.0,43.0,0.0
1569,11006,6,1,195.0,112.0,0.05
1570,11007,9,1,85.0,43.0,0.1
1571,11007,5,1,280.0,175.0,0.0
1572,11008,5,2,280.0,175.0,0.1
1573,11008,1,2,850.0,610.0,0.0
1574,11009,3,1,380.0,270.0,0.0
1575,11009,10,1,35.0,15.0,0.05
1576,11010,6,1,195.0,112.0,0.0
1577,11011,1,1,850.0,610.0,0.15
1578,11011,7,2,55.0,26.0,0.0
1579,11011,6,1,195.0,112.0,0.05
1580,11012,5,1,280.0,175.0,0.1
1581,11013,4,2,115.0,62.0,0.0
1582,11013,12,1,18.0,7.0,0.0
1583,11014,1,1,850.0,610.0,0.0
1584,11014,9,2,85.0,43.0,0.0
1585,11015,7,1,55.0,26.0,0.15
1586,11016,11,2,48.0,22.0,0.1
1587,11016,4,2,115.0,62.0,0.0
1588,11017,1,2,850.0,610.0,0.0
1589,11018,8,1,70.0,33.0,0.1
1590,11019,6,3,195.0,112.0,0.0
1591,11020,12,3,18.0,7.0,0.0
1592,11021,12,1,18.0,7.0,0.05
1593,11022,11,1,48.0,22.0,0.15
1594,11023,11,1,48.0,22.0,0.15
1595,11024,8,2,70.0,33.0,0.05
1596,11024,2,1,250.0,175.0,0.2
1597,11024,5,2,280.0,175.0,0.2
1598,11025,11,1,48.0,22.0,0.05
1599,11025,12,2,18.0,7.0,0.0
1600,11026,1,2,850.0,610.0,0.05
1601,11027,12,1,18.0,7.0,0.05
1602,11027,9,2,85.0,43.0,0.0
1603,11028,8,1,70.0,33.0,0.0
1604,11028,11,1,48.0,22.0,0.0
1605,11029,1,1,850.0,610.0,0.0
1606,11029,4,1,115.0,62.0,0.0
1607,11029,7,2,55.0,26.0,0.1
1608,11030,4,1,115.0,62.0,0.05
1609,11031,7,1,55.0,26.0,0.0
1610,11031,12,1,18.0,7.0,0.1
1611,11032,11,1,48.0,22.0,0.05
1612,11032,3,1,380.0,270.0,0.05
1613,11032,1,2,850.0,610.0,0.05
1614,11033,9,1,85.0,43.0,0.15
1615,11034,8,1,70.0,33.0,0.0
1616,11034,10,1,35.0,15.0,0.1
1617,11035,6,1,195.0,112.0,0.05
1618,11035,9,1,85.0,43.0,0.05
1619,11036,9,1,85.0,43.0,0.0
1620,11036,1,1,850.0,610.0,0.05
1621,11036,11,1,48.0,22.0,0.1
1622,11037,8,2,70.0,33.0,0.05
1623,11038,5,1,280.0,175.0,0.0
1624,11038,1,1,850.0,610.0,0.0
1625,11039,7,2,55.0,26.0,0.0
1626,11040,7,1,55.0,26.0,0.1
1627,11040,3,1,380.0,270.0,0.0
1628,11040,8,2,70.0,33.0,0.0
1629,11041,5,1,280.0,175.0,0.15
1630,11041,10,2,35.0,15.0,0.15
1631,11042,3,2,380.0,270.0,0.1
1632,11042,1,1,850.0,610.0,0.1
1633,11043,5,2,280.0,175.0,0.0
1634,11043,3,1,380.0,270.0,0.05
1635,11044,10,1,35.0,15.0,0.05
1636,11045,12,2,18.0,7.0,0.15
1637,11046,10,1,35.0,15.0,0.05
1638,11047,12,2,18.0,7.0,0.0
1639,11048,1,1,850.0,610.0,0.1
1640,11049,4,1,115.0,62.0,0.05
1641,11050,1,1,850.0,610.0,0.05
1642,11051,5,1,280.0,175.0,0.1
1643,11052,4,1,115.0,62.0,0.0
1644,11053,6,2,195.0,112.0,0.0
1645,11054,6,1,195.0,112.0,0.0
1646,11055,6,3,195.0,112.0,0.15
1647,11055,11,3,48.0,22.0,0.0
1648,11055,5,1,280.0,175.0,0.05
1649,11056,1,1,850.0,610.0,0.0
1650,11057,5,2,280.0,175.0,0.0
1651,11057,1,1,850.0,610.0,0.1
1652,11058,2,1,250.0,175.0,0.05
1653,11058,4,1,115.0,62.0,0.0
1654,11059,1,1,850.0,610.0,0.0
1655,11059,11,1,48.0,22.0,0.1
1656,11059,10,1,35.0,15.0,0.1
1657,11060,6,1,195.0,112.0,0.0
1658,11060,11,2,48.0,22.0,0.0
1659,11061,8,1,70.0,33.0,0.05
1660,11062,1,1,850.0,610.0,0.05
1661,11063,1,2,850.0,610.0,0.05
1662,11063,12,2,18.0,7.0,0.1
1663,11064,7,1,55.0,26.0,0.0
1664,11064,12,1,18.0,7.0,0.0
1665,11064,1,2,850.0,610.0,0.0
1666,11065,11,2,48.0,22.0,0.1
1667,11066,3,1,380.0,270.0,0.05
1668,11066,7,1,55.0,26.0,0.2
1669,11067,7,1,55.0,26.0,0.05
1670,11068,6,1,195.0,112.0,0.05
1671,11069,4,2,115.0,62.0,0.1
1672,11070,2,1,250.0,175.0,0.0
1673,11070,11,1,48.0,22.0,0.1
1674,11071,9,3,85.0,43.0,0.0
1675,11071,6,1,195.0,112.0,0.15
1676,11071,5,1,280.0,175.0,0.0
1677,11072,6,1,195.0,112.0,0.1
1678,11073,10,1,35.0,15.0,0.15
1679,11074,10,1,35.0,15.0,0.0
1680,11075,1,1,850.0,610.0,0.0
1681,11076,8,2,70.0,33.0,0.15
1682,11076,6,1,195.0,112.0,0.15
1683,11076,9,1,85.0,43.0,0.1
1684,11077,2,1,250.0,175.0,0.05
1685,11077,4,1,115.0,62.0,0.0
1686,11077,5,2,280.0,175.0,0.1
1687,11078,10,3,35.0,15.0,0.0
1688,11079,1,1,850.0,610.0,0.15
1689,11080,3,1,380.0,270.0,0.1
1690,11080,4,1,115.0,62.0,0.1
1691,11081,6,1,195.0,112.0,0.0
1692,11081,9,1,85.0,43.0,0.0
1693,11081,2,1,250.0,175.0,0.05
1694,11082,1,2,850.0,610.0,0.0
1695,11083,12,1,18.0,7.0,0.0
1696,11084,8,1,70.0,33.0,0.05
1697,11085,1,2,850.0,610.0,0.1
1698,11086,4,2,115.0,62.0,0.05
1699,11087,9,2,85.0,43.0,0.1
1700,11088,3,1,380.0,270.0,0.0
1701,11088,8,1,70.0,33.0,0.15
1702,11089,8,1,70.0,33.0,0.1
1703,11090,9,2,85.0,43.0,0.15
1704,11090,10,1,35.0,15.0,0.05
1705,11090,2,1,250.0,175.0,0.0
1706,11091,1,1,850.0,610.0,0.0
1707,11092,12,2,18.0,7.0,0.2
1708,11092,5,1,280.0,175.0,0.0
1709,11092,10,1,35.0,15.0,0.1
1710,11093,3,1,380.0,270.0,0.05
1711,11093,9,1,85.0,43.0,0.0
1712,11093,4,1,115.0,62.0,0.0
1713,11094,4,1,115.0,62.0,0.1
1714,11095,10,1,35.0,15.0,0.15
1715,11095,11,2,48.0,22.0,0.0
1716,11096,11,1,48.0,22.0,0.05
1717,11096,6,1,195.0,112.0,0.05
1718,11097,7,1,55.0,26.0,0.0
1719,11097,10,1,35.0,15.0,0.1
1720,11097,2,1,250.0,175.0,0.0
1721,11098,10,2,35.0,15.0,0.1
1722,11098,6,1,195.0,112.0,0.0
1723,11098,4,1,115.0,62.0,0.0
1724,11099,1,1,850.0,610.0,0.05
1725,11099,11,1,48.0,22.0,0.05
1726,11099,9,2,85.0,43.0,0.0
1727,11100,12,1,18.0,7.0,0.0
1728,11100,4,1,115.0,62.0,0.0
1729,11100,5,1,280.0,175.0,0.0
1730,11101,4,1,115.0,62.0,0.15
1731,11102,9,2,85.0,43.0,0.0
1732,11102,7,1,55.0,26.0,0.0
1733,11103,8,1,70.0,33.0,0.05
1734,11103,11,3,48.0,22.0,0.0
1735,11103,2,1,250.0,175.0,0.0
1736,11104,11,1,48.0,22.0,0.1
1737,11104,10,1,35.0,15.0,0.2
1738,11105,9,2,85.0,43.0,0.15
1739,11106,11,1,48.0,22.0,0.0
1740,11107,2,2,250.0,175.0,0.2
1741,11107,6,1,195.0,112.0,0.0
1742,11107,4,1,115.0,62.0,0.1
1743,11108,4,1,115.0,62.0,0.1
1744,11109,6,1,195.0,112.0,0.1
1745,11110,8,1,70.0,33.0,0.05
1746,11110,6,1,195.0,112.0,0.1
1747,11110,7,1,55.0,26.0,0.1
1748,11111,9,1,85.0,43.0,0.0
1749,11112,4,1,115.0,62.0,0.15
1750,11113,8,3,70.0,33.0,0.0
1751,11113,5,1,280.0,175.0,0.15
1752,11113,6,2,195.0,112.0,0.1
1753,11114,10,1,35.0,15.0,0.0
1754,11115,1,1,850.0,610.0,0.05
1755,11115,6,2,195.0,112.0,0.1
1756,11116,11,1,48.0,22.0,0.0
1757,11117,7,2,55.0,26.0,0.0
1758,11117,9,1,85.0,43.0,0.05
1759,11118,1,2,850.0,610.0,0.1
1760,11118,12,1,18.0,7.0,0.05
1761,11119,6,1,195.0,112.0,0.0
1762,11120,6,1,195.0,112.0,0.1
1763,11120,7,1,55.0,26.0,0.1
1764,11120,2,1,250.0,175.0,0.15
1765,11121,9,1,85.0,43.0,0.0
1766,11121,1,1,850.0,610.0,0.15
1767,11122,5,1,280.0,175.0,0.0
1768,11123,7,1,55.0,26.0,0.1
1769,11124,12,1,18.0,7.0,0.0
1770,11125,8,1,70.0,33.0,0.05
1771,11125,2,1,250.0,175.0,0.05
1772,11126,8,1,70.0,33.0,0.2
1773,11127,4,1,115.0,62.0,0.0
1774,11127,5,1,280.0,175.0,0.0
1775,11127,3,1,380.0,270.0,0.1
1776,11128,6,1,195.0,112.0,0.15
1777,11129,5,3,280.0,175.0,0.05
1778,11130,3,1,380.0,270.0,0.1
1779,11131,9,1,85.0,43.0,0.0
1780,11132,7,1,55.0,26.0,0.1
1781,11132,1,2,850.0,610.0,0.15
1782,11133,7,1,55.0,26.0,0.15
1783,11134,5,1,280.0,175.0,0.05
1784,11134,10,1,35.0,15.0,0.0
1785,11134,8,2,70.0,33.0,0.15
1786,11135,4,1,115.0,62.0,0.05
1787,11135,10,2,35.0,15.0,0.05
1788,11136,1,1,850.0,610.0,0.15
1789,11136,6,1,195.0,112.0,0.0
1790,11136,3,2,380.0,270.0,0.0
1791,11137,8,1,70.0,33.0,0.0
1792,11138,12,1,18.0,7.0,0.0
1793,11138,4,3,115.0,62.0,0.1
1794,11139,4,2,115.0,62.0,0.0
1795,11139,6,1,195.0,112.0,0.0
1796,11140,11,2,48.0,22.0,0.1
1797,11141,2,1,250.0,175.0,0.1
1798,11142,3,2,380.0,270.0,0.0
1799,11143,8,1,70.0,33.0,0.1
1800,11144,6,1,195.0,112.0,0.05
1801,11145,9,3,85.0,43.0,0.0
1802,11145,11,1,48.0,22.0,0.0
1803,11146,2,1,250.0,175.0,0.0
1804,11146,8,3,70.0,33.0,0.15
1805,11147,6,1,195.0,112.0,0.0
1806,11148,3,1,380.0,270.0,0.15
1807,11148,6,2,195.0,112.0,0.0
1808,11149,5,1,280.0,175.0,0.05
1809,11150,2,1,250.0,175.0,0.05
1810,11150,9,1,85.0,43.0,0.05
1811,11151,1,2,850.0,610.0,0.1
1812,11151,5,1,280.0,175.0,0.15
1813,11152,2,1,250.0,175.0,0.05
1814,11153,10,1,35.0,15.0,0.1
1815,11154,3,1,380.0,270.0,0.05
1816,11155,12,1,18.0,7.0,0.05
1817,11156,8,1,70.0,33.0,0.0
1818,11156,10,1,35.0,15.0,0.0
1819,11157,3,1,380.0,270.0,0.1
1820,11158,11,2,48.0,22.0,0.0
1821,11159,10,1,35.0,15.0,0.1
1822,11159,8,2,70.0,33.0,0.05
1823,11159,6,1,195.0,112.0,0.0
1824,11160,2,1,250.0,175.0,0.1
1825,11160,3,1,380.0,270.0,0.0
1826,11161,12,1,18.0,7.0,0.2
1827,11162,1,2,850.0,610.0,0.05
1828,11163,11,2,48.0,22.0,0.0
1829,11164,9,2,85.0,43.0,0.05
1830,11165,11,1,48.0,22.0,0.0
1831,11165,2,1,250.0,175.0,0.0
1832,11166,2,1,250.0,175.0,0.0
1833,11167,1,2,850.0,610.0,0.0
1834,11167,3,2,380.0,270.0,0.2
1835,11168,12,3,18.0,7.0,0.05
1836,11169,8,1,70.0,33.0,0.15
1837,11170,2,2,250.0,175.0,0.0
1838,11171,7,1,55.0,26.0,0.0
1839,11172,11,1,48.0,22.0,0.15
1840,11172,1,3,850.0,610.0,0.05
1841,11173,10,3,35.0,15.0,0.05
1842,11173,6,1,195.0,112.0,0.0
1843,11173,11,1,48.0,22.0,0.0
1844,11174,7,1,55.0,26.0,0.0
1845,11175,6,3,195.0,112.0,0.05
1846,11175,5,2,280.0,175.0,0.1
1847,11175,12,1,18.0,7.0,0.0
1848,11176,1,1,850.0,610.0,0.05
1849,11177,2,1,250.0,175.0,0.0
1850,11177,12,1,18.0,7.0,0.1
1851,11177,9,1,85.0,43.0,0.05
1852,11178,6,1,195.0,112.0,0.1
1853,11178,2,1,250.0,175.0,0.0
1854,11178,11,2,48.0,22.0,0.05
1855,11179,8,1,70.0,33.0,0.0
1856,11179,10,1,35.0,15.0,0.0
1857,11180,12,1,18.0,7.0,0.05
1858,11180,4,1,115.0,62.0,0.05
1859,11180,11,2,48.0,22.0,0.0
1860,11181,5,1,280.0,175.0,0.05
1861,11182,6,2,195.0,112.0,0.05
1862,11182,3,1,380.0,270.0,0.0
1863,11183,4,1,115.0,62.0,0.0
1864,11184,5,1,280.0,175.0,0.0
1865,11184,12,1,18.0,7.0,0.0
1866,11184,11,2,48.0,22.0,0.05
1867,11185,5,1,280.0,175.0,0.1
1868,11185,9,1,85.0,43.0,0.1
1869,11185,2,1,250.0,175.0,0.0
1870,11186,11,1,48.0,22.0,0.1
1871,11186,12,1,18.0,7.0,0.0
1872,11187,1,1,850.0,610.0,0.0
1873,11187,4,1,115.0,62.0,0.05
1874,11188,4,1,115.0,62.0,0.0
1875,11189,3,1,380.0,270.0,0.15
1876,11189,10,1,35.0,15.0,0.2
1877,11190,7,1,55.0,26.0,0.0
1878,11191,1,1,850.0,610.0,0.1
1879,11191,3,1,380.0,270.0,0.0
1880,11192,9,2,85.0,43.0,0.1
1881,11193,9,2,85.0,43.0,0.1
1882,11194,9,2,85.0,43.0,0.0
1883,11194,12,2,18.0,7.0,0.2
1884,11195,9,1,85.0,43.0,0.05
1885,11196,8,1,70.0,33.0,0.0
1886,11196,3,1,380.0,270.0,0.05
1887,11197,6,2,195.0,112.0,0.1
1888,11197,5,2,280.0,175.0,0.15
1889,11198,11,1,48.0,22.0,0.0
1890,11199,11,1,48.0,22.0,0.0
1891,11200,4,1,115.0,62.0,0.05
1892,11201,7,1,55.0,26.0,0.1
1893,11202,10,3,35.0,15.0,0.15
1894,11203,4,1,115.0,62.0,0.05
1895,11204,8,1,70.0,33.0,0.1
1896,11204,11,1,48.0,22.0,0.0
1897,11205,4,3,115.0,62.0,0.05
1898,11205,12,1,18.0,7.0,0.0
1899,11205,8,1,70.0,33.0,0.0
1900,11206,11,1,48.0,22.0,0.0
1901,11207,4,1,115.0,62.0,0.0
1902,11208,6,3,195.0,112.0,0.15
1903,11209,6,1,195.0,112.0,0.05
1904,11210,4,1,115.0,62.0,0.0
1905,11211,11,3,48.0,22.0,0.15
1906,11212,10,1,35.0,15.0,0.05
1907,11212,3,1,380.0,270.0,0.05
1908,11213,6,1,195.0,112.0,0.0
1909,11214,7,2,55.0,26.0,0.15
1910,11214,1,1,850.0,610.0,0.05
1911,11215,11,1,48.0,22.0,0.0
1912,11216,7,3,55.0,26.0,0.0
1913,11216,5,1,280.0,175.0,0.0
1914,11217,9,1,85.0,43.0,0.1
1915,11217,4,1,115.0,62.0,0.1
1916,11217,2,3,250.0,175.0,0.05
1917,11218,4,1,115.0,62.0,0.15
1918,11219,5,1,280.0,175.0,0.0
1919,11220,8,1,70.0,33.0,0.0
1920,11221,2,2,250.0,175.0,0.05
1921,11221,5,1,280.0,175.0,0.05
1922,11221,8,1,70.0,33.0,0.05
1923,11222,3,1,380.0,270.0,0.1
1924,11222,7,1,55.0,26.0,0.1
1925,11223,10,2,35.0,15.0,0.0
1926,11223,2,1,250.0,175.0,0.05
1927,11223,12,1,18.0,7.0,0.0
1928,11224,2,1,250.0,175.0,0.0
1929,11224,12,1,18.0,7.0,0.1
1930,11224,6,1,195.0,112.0,0.05
1931,11225,5,1,280.0,175.0,0.05
1932,11226,3,1,380.0,270.0,0.0
1933,11227,10,2,35.0,15.0,0.0
1934,11228,9,2,85.0,43.0,0.1
1935,11228,7,1,55.0,26.0,0.0
1936,11229,5,1,280.0,175.0,0.15
1937,11230,9,1,85.0,43.0,0.1
1938,11230,7,1,55.0,26.0,0.15
1939,11230,6,1,195.0,112.0,0.2
1940,11231,12,2,18.0,7.0,0.1
1941,11231,5,1,280.0,175.0,0.0
1942,11232,1,1,850.0,610.0,0.15
1943,11232,8,1,70.0,33.0,0.05
1944,11232,2,1,250.0,175.0,0.05
1945,11233,6,1,195.0,112.0,0.15
1946,11234,6,1,195.0,112.0,0.05
1947,11234,8,1,70.0,33.0,0.05
1948,11235,7,1,55.0,26.0,0.1
1949,11235,11,1,48.0,22.0,0.0
1950,11235,5,2,280.0,175.0,0.0
1951,11236,3,1,380.0,270.0,0.05
1952,11237,9,1,85.0,43.0,0.0
1953,11237,10,3,35.0,15.0,0.0
1954,11237,2,1,250.0,175.0,0.0
1955,11238,2,3,250.0,175.0,0.1
1956,11239,1,2,850.0,610.0,0.15
1957,11239,3,1,380.0,270.0,0.05
1958,11240,10,1,35.0,15.0,0.05
1959,11241,10,1,35.0,15.0,0.1
1960,11242,5,1,280.0,175.0,0.0
1961,11243,12,1,18.0,7.0,0.0
1962,11243,5,2,280.0,175.0,0.05
1963,11244,11,1,48.0,22.0,0.05
1964,11244,10,1,35.0,15.0,0.1
1965,11244,7,1,55.0,26.0,0.1
1966,11245,12,2,18.0,7.0,0.0
1967,11245,7,2,55.0,26.0,0.05
1968,11246,10,1,35.0,15.0,0.0
1969,11246,6,1,195.0,112.0,0.1
1970,11247,10,3,35.0,15.0,0.1
1971,11248,4,1,115.0,62.0,0.05
1972,11249,12,1,18.0,7.0,0.15
1973,11250,11,2,48.0,22.0,0.15
1974,11251,10,1,35.0,15.0,0.0
1975,11251,4,1,115.0,62.0,0.0
1976,11252,12,1,18.0,7.0,0.1
1977,11252,6,1,195.0,112.0,0.05
1978,11253,1,1,850.0,610.0,0.05
1979,11254,6,2,195.0,112.0,0.05
1980,11255,1,2,850.0,610.0,0.15
1981,11255,4,2,115.0,62.0,0.05
1982,11255,9,1,85.0,43.0,0.0
1983,11256,12,1,18.0,7.0,0.0
1984,11256,2,1,250.0,175.0,0.05
1985,11257,12,2,18.0,7.0,0.05
1986,11258,10,1,35.0,15.0,0.0
1987,11258,9,1,85.0,43.0,0.2
1988,11259,10,1,35.0,15.0,0.0
1989,11259,7,1,55.0,26.0,0.0
1990,11259,3,1,380.0,270.0,0.15
1991,11260,4,1,115.0,62.0,0.05
1992,11260,5,1,280.0,175.0,0.0
1993,11261,11,1,48.0,22.0,0.1
1994,11261,12,1,18.0,7.0,0.0
1995,11262,8,2,70.0,33.0,0.1
1996,11263,3,1,380.0,270.0,0.0
1997,11264,7,2,55.0,26.0,0.05
1998,11265,9,2,85.0,43.0,0.0
1999,11266,2,1,250.0,175.0,0.05
2000,11267,4,2,115.0,62.0,0.05
2001,11268,12,1,18.0,7.0,0.05
2002,11269,9,1,85.0,43.0,0.05
2003,11270,12,1,18.0,7.0,0.0
2004,11270,2,1,250.0,175.0,0.2
2005,11271,5,1,280.0,175.0,0.0
2006,11272,7,1,55.0,26.0,0.0
2007,11272,6,2,195.0,112.0,0.2
2008,11272,3,1,380.0,270.0,0.0
2009,11273,8,1,70.0,33.0,0.05
2010,11273,12,1,18.0,7.0,0.1
2011,11274,12,1,18.0,7.0,0.05
2012,11275,2,2,250.0,175.0,0.05
2013,11276,7,1,55.0,26.0,0.0
2014,11277,12,2,18.0,7.0,0.1
2015,11277,10,2,35.0,15.0,0.0
2016,11278,9,3,85.0,43.0,0.1
2017,11279,2,1,250.0,175.0,0.0
2018,11280,5,2,280.0,175.0,0.15
2019,11280,6,1,195.0,112.0,0.05
2020,11281,10,1,35.0,15.0,0.1
2021,11282,8,1,70.0,33.0,0.05
2022,11282,3,1,380.0,270.0,0.0
2023,11283,7,2,55.0,26.0,0.1
2024,11284,7,1,55.0,26.0,0.05
2025,11284,3,1,380.0,270.0,0.0
2026,11285,10,2,35.0,15.0,0.0
2027,11286,2,1,250.0,175.0,0.1
2028,11287,4,2,115.0,62.0,0.1
2029,11287,8,2,70.0,33.0,0.15
2030,11287,9,1,85.0,43.0,0.0
2031,11288,11,1,48.0,22.0,0.1
2032,11288,8,1,70.0,33.0,0.15
2033,11288,5,1,280.0,175.0,0.0
2034,11289,11,1,48.0,22.0,0.05
2035,11290,1,1,850.0,610.0,0.05
2036,11291,4,1,115.0,62.0,0.05
2037,11292,7,1,55.0,26.0,0.0
2038,11293,8,1,70.0,33.0,0.05
2039,11294,2,3,250.0,175.0,0.1
2040,11295,1,1,850.0,610.0,0.2
2041,11296,2,1,250.0,175.0,0.05
2042,11296,3,1,380.0,270.0,0.1
2043,11297,10,3,35.0,15.0,0.1
2044,11298,3,1,380.0,270.0,0.05
2045,11298,5,1,280.0,175.0,0.05
2046,11298,11,1,48.0,22.0,0.0
2047,11299,8,1,70.0,33.0,0.15
2048,11300,7,2,55.0,26.0,0.1
2049,11300,2,2,250.0,175.0,0.0
2050,11301,3,1,380.0,270.0,0.15
2051,11302,2,1,250.0,175.0,0.05
2052,11302,6,1,195.0,112.0,0.1
2053,11303,5,1,280.0,175.0,0.1
2054,11303,8,1,70.0,33.0,0.0
2055,11303,2,2,250.0,175.0,0.0
2056,11304,10,3,35.0,15.0,0.0
2057,11305,2,1,250.0,175.0,0.1
2058,11305,3,1,380.0,270.0,0.0
2059,11305,12,2,18.0,7.0,0.0
2060,11306,9,1,85.0,43.0,0.0
2061,11306,5,1,280.0,175.0,0.1
2062,11306,10,2,35.0,15.0,0.15
2063,11307,2,2,250.0,175.0,0.0
2064,11308,6,2,195.0,112.0,0.0
2065,11308,7,2,55.0,26.0,0.0
2066,11309,11,1,48.0,22.0,0.0
2067,11309,2,2,250.0,175.0,0.0
2068,11309,4,2,115.0,62.0,0.1
2069,11310,2,2,250.0,175.0,0.1
2070,11311,8,1,70.0,33.0,0.0
2071,11312,2,3,250.0,175.0,0.1
2072,11312,7,2,55.0,26.0,0.0
2073,11313,8,1,70.0,33.0,0.0
2074,11314,8,1,70.0,33.0,0.05
2075,11314,3,1,380.0,270.0,0.0
2076,11315,10,1,35.0,15.0,0.0
2077,11315,1,2,850.0,610.0,0.15
2078,11316,6,1,195.0,112.0,0.1
2079,11316,10,1,35.0,15.0,0.0
2080,11317,10,1,35.0,15.0,0.1
2081,11317,5,1,280.0,175.0,0.15
2082,11317,11,1,48.0,22.0,0.0
2083,11318,12,2,18.0,7.0,0.1
2084,11319,6,1,195.0,112.0,0.0
2085,11319,2,1,250.0,175.0,0.0
2086,11320,4,1,115.0,62.0,0.0
2087,11320,5,1,280.0,175.0,0.0
2088,11321,9,1,85.0,43.0,0.05
2089,11321,12,2,18.0,7.0,0.0
2090,11322,8,2,70.0,33.0,0.0
2091,11322,11,2,48.0,22.0,0.2
2092,11323,6,1,195.0,112.0,0.0
2093,11323,4,1,115.0,62.0,0.0
2094,11324,2,2,250.0,175.0,0.05
2095,11324,10,1,35.0,15.0,0.0
2096,11325,8,1,70.0,33.0,0.0
2097,11325,4,3,115.0,62.0,0.0
2098,11325,2,2,250.0,175.0,0.1
2099,11326,7,1,55.0,26.0,0.0
2100,11326,11,1,48.0,22.0,0.0
2101,11326,5,1,280.0,175.0,0.1
2102,11327,4,3,115.0,62.0,0.05
2103,11327,7,1,55.0,26.0,0.1
2104,11328,1,1,850.0,610.0,0.0
2105,11328,4,1,115.0,62.0,0.1
2106,11328,3,2,380.0,270.0,0.0
2107,11329,3,2,380.0,270.0,0.05
2108,11329,4,1,115.0,62.0,0.0
2109,11329,9,1,85.0,43.0,0.05
2110,11330,10,1,35.0,15.0,0.0
2111,11331,9,3,85.0,43.0,0.0
2112,11332,10,2,35.0,15.0,0.1
2113,11332,3,2,380.0,270.0,0.0
2114,11333,6,1,195.0,112.0,0.0
2115,11334,7,1,55.0,26.0,0.05
2116,11334,11,1,48.0,22.0,0.0
2117,11334,6,1,195.0,112.0,0.15
2118,11335,3,2,380.0,270.0,0.1
2119,11336,9,2,85.0,43.0,0.1
2120,11336,4,3,115.0,62.0,0.05
2121,11337,3,1,380.0,270.0,0.0
2122,11338,5,1,280.0,175.0,0.05
2123,11338,3,1,380.0,270.0,0.0
2124,11339,1,1,850.0,610.0,0.1
2125,11339,3,1,380.0,270.0,0.0
2126,11340,9,1,85.0,43.0,0.0
2127,11341,1,1,850.0,610.0,0.05
2128,11342,7,1,55.0,26.0,0.0
2129,11342,4,2,115.0,62.0,0.0
2130,11343,7,1,55.0,26.0,0.05
2131,11344,12,2,18.0,7.0,0.0
2132,11345,1,1,850.0,610.0,0.0
2133,11346,3,2,380.0,270.0,0.0
2134,11347,8,1,70.0,33.0,0.05
2135,11347,9,1,85.0,43.0,0.0
2136,11348,3,2,380.0,270.0,0.05
2137,11348,12,2,18.0,7.0,0.05
2138,11349,3,2,380.0,270.0,0.1
2139,11350,12,1,18.0,7.0,0.05
2140,11350,10,2,35.0,15.0,0.1
2141,11351,4,2,115.0,62.0,0.0
2142,11351,10,1,35.0,15.0,0.05
2143,11352,8,1,70.0,33.0,0.1
2144,11352,11,3,48.0,22.0,0.05
2145,11353,9,3,85.0,43.0,0.0
2146,11353,2,3,250.0,175.0,0.05
2147,11353,11,1,48.0,22.0,0.1
2148,11354,9,2,85.0,43.0,0.15
2149,11355,1,3,850.0,610.0,0.0
2150,11356,6,1,195.0,112.0,0.05
2151,11357,7,1,55.0,26.0,0.1
2152,11357,11,1,48.0,22.0,0.0
2153,11358,3,1,380.0,270.0,0.0
2154,11358,10,2,35.0,15.0,0.1
2155,11359,1,1,850.0,610.0,0.1
2156,11359,3,2,380.0,270.0,0.0
2157,11359,10,2,35.0,15.0,0.0
2158,11360,7,1,55.0,26.0,0.1
2159,11360,11,1,48.0,22.0,0.1
2160,11361,9,2,85.0,43.0,0.1
2161,11362,11,2,48.0,22.0,0.1
2162,11363,12,1,18.0,7.0,0.0
2163,11364,4,1,115.0,62.0,0.05
2164,11365,11,1,48.0,22.0,0.15
2165,11366,7,1,55.0,26.0,0.0
2166,11367,5,1,280.0,175.0,0.05
2167,11367,12,1,18.0,7.0,0.05
2168,11368,7,1,55.0,26.0,0.1
2169,11369,7,1,55.0,26.0,0.15
2170,11370,3,2,380.0,270.0,0.15
2171,11370,4,1,115.0,62.0,0.05
2172,11371,7,2,55.0,26.0,0.1
2173,11372,8,1,70.0,33.0,0.1
2174,11373,11,2,48.0,22.0,0.0
2175,11374,3,2,380.0,270.0,0.0
2176,11374,4,1,115.0,62.0,0.1
2177,11375,6,2,195.0,112.0,0.0
2178,11376,9,2,85.0,43.0,0.05
2179,11376,6,1,195.0,112.0,0.0
2180,11377,3,1,380.0,270.0,0.05
2181,11378,3,1,380.0,270.0,0.15
2182,11379,2,1,250.0,175.0,0.1
2183,11380,12,2,18.0,7.0,0.0
2184,11380,2,1,250.0,175.0,0.0
2185,11381,1,3,850.0,610.0,0.0
2186,11381,9,1,85.0,43.0,0.0
2187,11382,3,2,380.0,270.0,0.1
2188,11382,7,2,55.0,26.0,0.05
2189,11383,1,1,850.0,610.0,0.0
2190,11383,4,1,115.0,62.0,0.15
2191,11383,6,1,195.0,112.0,0.15
2192,11384,12,1,18.0,7.0,0.0
2193,11384,6,1,195.0,112.0,0.0
2194,11384,4,1,115.0,62.0,0.1
2195,11385,4,1,115.0,62.0,0.0
2196,11386,10,2,35.0,15.0,0.15
2197,11386,8,1,70.0,33.0,0.0
2198,11387,3,1,380.0,270.0,0.1
2199,11388,1,2,850.0,610.0,0.0
2200,11389,11,2,48.0,22.0,0.05
2201,11390,7,1,55.0,26.0,0.0
2202,11390,4,1,115.0,62.0,0.0
2203,11391,8,1,70.0,33.0,0.0
2204,11391,11,1,48.0,22.0,0.0
2205,11392,6,1,195.0,112.0,0.0
2206,11392,4,1,115.0,62.0,0.0
2207,11393,5,1,280.0,175.0,0.1
2208,11394,5,2,280.0,175.0,0.15
2209,11394,6,1,195.0,112.0,0.1
2210,11395,6,2,195.0,112.0,0.15
2211,11396,7,1,55.0,26.0,0.05
2212,11396,10,1,35.0,15.0,0.0
2213,11397,2,1,250.0,175.0,0.0
2214,11397,6,1,195.0,112.0,0.0
2215,11398,7,1,55.0,26.0,0.0
2216,11399,4,1,115.0,62.0,0.0
2217,11399,9,2,85.0,43.0,0.05
2218,11399,8,2,70.0,33.0,0.0
2219,11400,2,2,250.0,175.0,0.1
2220,11401,9,1,85.0,43.0,0.05
2221,11401,5,1,280.0,175.0,0.0
2222,11402,3,1,380.0,270.0,0.05
2223,11403,10,1,35.0,15.0,0.0
2224,11403,4,1,115.0,62.0,0.05
2225,11403,1,1,850.0,610.0,0.0
2226,11404,2,3,250.0,175.0,0.0
2227,11404,12,1,18.0,7.0,0.0
2228,11405,9,1,85.0,43.0,0.0
2229,11406,4,2,115.0,62.0,0.05
2230,11406,10,2,35.0,15.0,0.15
2231,11407,11,2,48.0,22.0,0.0
2232,11408,2,1,250.0,175.0,0.15
2233,11409,4,1,115.0,62.0,0.1
2234,11410,9,1,85.0,43.0,0.0
2235,11410,8,1,70.0,33.0,0.0
2236,11411,4,1,115.0,62.0,0.1
2237,11412,9,1,85.0,43.0,0.05
2238,11413,6,1,195.0,112.0,0.15
2239,11414,7,2,55.0,26.0,0.0
2240,11415,5,1,280.0,175.0,0.0
2241,11415,8,1,70.0,33.0,0.0
2242,11415,6,1,195.0,112.0,0.2
2243,11416,11,1,48.0,22.0,0.0
2244,11417,8,1,70.0,33.0,0.05
2245,11418,1,1,850.0,610.0,0.1
2246,11419,6,1,195.0,112.0,0.0
2247,11420,3,2,380.0,270.0,0.0
2248,11421,3,1,380.0,270.0,0.2
2249,11422,12,1,18.0,7.0,0.0
2250,11422,11,1,48.0,22.0,0.0
2251,11423,4,1,115.0,62.0,0.05
2252,11424,5,1,280.0,175.0,0.0
2253,11425,6,1,195.0,112.0,0.1
2254,11425,5,1,280.0,175.0,0.0
2255,11426,7,1,55.0,26.0,0.15
2256,11426,4,1,115.0,62.0,0.05
2257,11427,6,2,195.0,112.0,0.05
2258,11427,3,1,380.0,270.0,0.15
2259,11427,1,1,850.0,610.0,0.05
2260,11428,7,1,55.0,26.0,0.1
2261,11429,11,1,48.0,22.0,0.1
2262,11429,1,1,850.0,610.0,0.0
2263,11430,6,1,195.0,112.0,0.0
2264,11430,3,1,380.0,270.0,0.2
2265,11431,6,1,195.0,112.0,0.0
2266,11432,4,2,115.0,62.0,0.15
2267,11433,2,1,250.0,175.0,0.2
2268,11434,7,3,55.0,26.0,0.05
2269,11434,12,1,18.0,7.0,0.1
2270,11435,9,1,85.0,43.0,0.1
2271,11436,12,1,18.0,7.0,0.05
2272,11436,10,2,35.0,15.0,0.0
2273,11437,2,1,250.0,175.0,0.2
2274,11437,3,1,380.0,270.0,0.2
2275,11438,8,2,70.0,33.0,0.1
2276,11439,9,1,85.0,43.0,0.0
2277,11439,7,1,55.0,26.0,0.0
2278,11440,4,1,115.0,62.0,0.0
2279,11441,4,2,115.0,62.0,0.0
2280,11442,12,1,18.0,7.0,0.15
2281,11442,8,1,70.0,33.0,0.2
2282,11443,9,1,85.0,43.0,0.05
2283,11444,6,1,195.0,112.0,0.05
2284,11445,2,1,250.0,175.0,0.15
2285,11445,12,1,18.0,7.0,0.0
2286,11446,1,1,850.0,610.0,0.1
2287,11447,8,2,70.0,33.0,0.1
2288,11448,11,1,48.0,22.0,0.0
2289,11448,9,1,85.0,43.0,0.0
2290,11448,10,1,35.0,15.0,0.0
2291,11449,3,1,380.0,270.0,0.0
2292,11449,6,1,195.0,112.0,0.0
2293,11450,12,2,18.0,7.0,0.05
2294,11450,5,2,280.0,175.0,0.1
2295,11451,7,2,55.0,26.0,0.1
2296,11452,12,1,18.0,7.0,0.0
2297,11452,3,1,380.0,270.0,0.15
2298,11453,7,1,55.0,26.0,0.1
2299,11453,11,1,48.0,22.0,0.05
2300,11454,9,2,85.0,43.0,0.0
2301,11454,6,1,195.0,112.0,0.0
2302,11454,4,2,115.0,62.0,0.0
2303,11455,12,1,18.0,7.0,0.0
2304,11455,10,2,35.0,15.0,0.1
2305,11456,10,1,35.0,15.0,0.0
2306,11457,6,1,195.0,112.0,0.0
2307,11458,2,3,250.0,175.0,0.15
2308,11458,6,1,195.0,112.0,0.0
2309,11459,8,1,70.0,33.0,0.0
2310,11460,7,2,55.0,26.0,0.1
2311,11460,12,2,18.0,7.0,0.05
2312,11461,4,1,115.0,62.0,0.0
2313,11461,10,1,35.0,15.0,0.1
2314,11462,4,1,115.0,62.0,0.1
2315,11463,4,3,115.0,62.0,0.05
2316,11464,10,1,35.0,15.0,0.1
2317,11465,9,1,85.0,43.0,0.1
2318,11465,6,3,195.0,112.0,0.0
2319,11465,11,2,48.0,22.0,0.0
2320,11466,2,1,250.0,175.0,0.0
2321,11466,7,2,55.0,26.0,0.0
2322,11467,11,1,48.0,22.0,0.05
2323,11468,10,1,35.0,15.0,0.1
2324,11469,3,2,380.0,270.0,0.0
2325,11470,3,1,380.0,270.0,0.0
2326,11471,7,2,55.0,26.0,0.15
2327,11471,3,3,380.0,270.0,0.0
2328,11472,3,1,380.0,270.0,0.05
2329,11472,9,1,85.0,43.0,0.1
2330,11473,5,2,280.0,175.0,0.0
2331,11473,3,1,380.0,270.0,0.0
2332,11474,6,1,195.0,112.0,0.1
2333,11475,10,1,35.0,15.0,0.15
2334,11475,11,2,48.0,22.0,0.05
2335,11475,7,1,55.0,26.0,0.1
2336,11476,9,1,85.0,43.0,0.05
2337,11476,6,1,195.0,112.0,0.0
2338,11477,4,2,115.0,62.0,0.0
2339,11478,6,1,195.0,112.0,0.0
2340,11478,7,1,55.0,26.0,0.0
2341,11479,3,1,380.0,270.0,0.0
2342,11479,8,3,70.0,33.0,0.0
2343,11480,2,1,250.0,175.0,0.05
2344,11480,12,1,18.0,7.0,0.1
2345,11480,1,1,850.0,610.0,0.1
2346,11481,8,3,70.0,33.0,0.0
2347,11481,3,1,380.0,270.0,0.05
2348,11482,11,2,48.0,22.0,0.05
2349,11482,6,3,195.0,112.0,0.1
2350,11483,1,1,850.0,610.0,0.0
2351,11483,12,1,18.0,7.0,0.05
2352,11484,10,1,35.0,15.0,0.0
2353,11485,12,2,18.0,7.0,0.1
2354,11486,1,1,850.0,610.0,0.0
2355,11487,4,1,115.0,62.0,0.15
2356,11487,2,2,250.0,175.0,0.0
2357,11488,11,3,48.0,22.0,0.15
2358,11489,12,2,18.0,7.0,0.0
2359,11489,2,3,250.0,175.0,0.1
2360,11490,6,1,195.0,112.0,0.0
2361,11490,1,2,850.0,610.0,0.15
2362,11491,7,1,55.0,26.0,0.0
2363,11492,8,1,70.0,33.0,0.05
2364,11493,1,2,850.0,610.0,0.0
2365,11494,3,1,380.0,270.0,0.0
2366,11495,2,1,250.0,175.0,0.15
2367,11495,5,1,280.0,175.0,0.1
2368,11496,12,1,18.0,7.0,0.05
2369,11496,1,2,850.0,610.0,0.15
2370,11497,3,1,380.0,270.0,0.1
2371,11497,8,1,70.0,33.0,0.0
2372,11498,5,1,280.0,175.0,0.1
2373,11498,2,3,250.0,175.0,0.15
2374,11498,6,2,195.0,112.0,0.15
2375,11499,7,1,55.0,26.0,0.15
2376,11499,12,1,18.0,7.0,0.0
2377,11500,10,1,35.0,15.0,0.1
2378,11501,6,1,195.0,112.0,0.05
2379,11502,12,1,18.0,7.0,0.0
2380,11502,6,2,195.0,112.0,0.05
2381,11503,11,2,48.0,22.0,0.05
2382,11503,4,1,115.0,62.0,0.15
2383,11504,7,2,55.0,26.0,0.0
2384,11504,10,1,35.0,15.0,0.05
2385,11504,2,1,250.0,175.0,0.05
2386,11505,3,2,380.0,270.0,0.0
2387,11506,4,1,115.0,62.0,0.0
2388,11506,10,1,35.0,15.0,0.05
2389,11506,5,1,280.0,175.0,0.0
2390,11507,4,2,115.0,62.0,0.0
2391,11507,10,1,35.0,15.0,0.0
2392,11507,7,1,55.0,26.0,0.1
2393,11508,11,1,48.0,22.0,0.2
2394,11509,5,1,280.0,175.0,0.0
2395,11510,10,3,35.0,15.0,0.05
2396,11510,11,1,48.0,22.0,0.0
2397,11510,8,2,70.0,33.0,0.0
2398,11511,8,2,70.0,33.0,0.1
2399,11512,3,1,380.0,270.0,0.1
2400,11513,11,1,48.0,22.0,0.0
2401,11514,9,2,85.0,43.0,0.1
2402,11515,12,1,18.0,7.0,0.0
2403,11516,3,3,380.0,270.0,0.2
2404,11516,11,1,48.0,22.0,0.05
2405,11517,9,1,85.0,43.0,0.15
2406,11517,7,1,55.0,26.0,0.2
2407,11517,5,2,280.0,175.0,0.1
2408,11518,3,2,380.0,270.0,0.05
2409,11518,9,1,85.0,43.0,0.05
2410,11518,10,1,35.0,15.0,0.1
2411,11519,5,1,280.0,175.0,0.15
2412,11519,8,1,70.0,33.0,0.05
2413,11520,5,1,280.0,175.0,0.05
2414,11520,7,2,55.0,26.0,0.0
2415,11520,9,1,85.0,43.0,0.05
2416,11521,10,1,35.0,15.0,0.0
2417,11522,9,1,85.0,43.0,0.05
2418,11523,8,2,70.0,33.0,0.0
2419,11524,2,2,250.0,175.0,0.0
2420,11525,9,1,85.0,43.0,0.0
2421,11526,3,2,380.0,270.0,0.1
2422,11526,9,1,85.0,43.0,0.0
2423,11526,2,1,250.0,175.0,0.1
2424,11527,12,1,18.0,7.0,0.0
2425,11527,5,1,280.0,175.0,0.05
2426,11527,10,1,35.0,15.0,0.0
2427,11528,10,1,35.0,15.0,0.05
2428,11529,11,1,48.0,22.0,0.0
2429,11529,6,3,195.0,112.0,0.1
2430,11530,10,1,35.0,15.0,0.05
2431,11530,3,1,380.0,270.0,0.0
2432,11531,11,2,48.0,22.0,0.05
2433,11532,12,1,18.0,7.0,0.1
2434,11533,1,2,850.0,610.0,0.0
2435,11534,7,1,55.0,26.0,0.0
2436,11535,1,1,850.0,610.0,0.1
2437,11536,2,1,250.0,175.0,0.15
2438,11536,4,2,115.0,62.0,0.15
2439,11537,2,1,250.0,175.0,0.2
2440,11537,5,1,280.0,175.0,0.1
2441,11538,10,1,35.0,15.0,0.0
2442,11538,6,1,195.0,112.0,0.1
2443,11538,1,1,850.0,610.0,0.05
2444,11539,7,1,55.0,26.0,0.05
2445,11540,4,2,115.0,62.0,0.1
2446,11541,6,2,195.0,112.0,0.0
2447,11541,4,1,115.0,62.0,0.0
2448,11542,4,2,115.0,62.0,0.15
2449,11543,2,1,250.0,175.0,0.0
2450,11543,7,1,55.0,26.0,0.0
2451,11544,7,1,55.0,26.0,0.05
2452,11545,11,3,48.0,22.0,0.15
2453,11545,1,2,850.0,610.0,0.05
2454,11546,6,2,195.0,112.0,0.0
2455,11547,8,1,70.0,33.0,0.0
2456,11547,7,1,55.0,26.0,0.1
2457,11548,9,2,85.0,43.0,0.05
2458,11549,5,2,280.0,175.0,0.0
2459,11549,6,1,195.0,112.0,0.0
2460,11550,7,2,55.0,26.0,0.0
2461,11550,1,3,850.0,610.0,0.0
2462,11550,5,1,280.0,175.0,0.0
2463,11551,3,1,380.0,270.0,0.0
2464,11552,6,1,195.0,112.0,0.1
2465,11552,4,2,115.0,62.0,0.1
2466,11553,6,1,195.0,112.0,0.05
2467,11553,3,1,380.0,270.0,0.0
2468,11554,11,1,48.0,22.0,0.05
2469,11554,12,1,18.0,7.0,0.05
2470,11555,5,1,280.0,175.0,0.1
2471,11556,10,3,35.0,15.0,0.05
2472,11556,11,3,48.0,22.0,0.0
2473,11557,7,1,55.0,26.0,0.0
2474,11557,8,2,70.0,33.0,0.05
2475,11558,12,1,18.0,7.0,0.1
2476,11558,9,1,85.0,43.0,0.0
2477,11559,3,2,380.0,270.0,0.0
2478,11560,10,1,35.0,15.0,0.0
2479,11561,2,1,250.0,175.0,0.15
2480,11562,9,1,85.0,43.0,0.0
2481,11563,3,2,380.0,270.0,0.05
2482,11563,9,1,85.0,43.0,0.15
2483,11564,1,1,850.0,610.0,0.0
2484,11565,2,2,250.0,175.0,0.1
2485,11565,8,1,70.0,33.0,0.05
2486,11566,4,1,115.0,62.0,0.1
2487,11567,11,2,48.0,22.0,0.0
2488,11567,9,1,85.0,43.0,0.05
2489,11568,7,1,55.0,26.0,0.05
2490,11568,3,2,380.0,270.0,0.0
2491,11569,2,1,250.0,175.0,0.1
2492,11570,7,1,55.0,26.0,0.0
2493,11570,5,3,280.0,175.0,0.15
2494,11571,3,1,380.0,270.0,0.0
2495,11571,11,3,48.0,22.0,0.05
2496,11571,9,2,85.0,43.0,0.05
2497,11572,3,1,380.0,270.0,0.0
2498,11573,4,1,115.0,62.0,0.15
2499,11574,6,1,195.0,112.0,0.0
2500,11574,12,1,18.0,7.0,0.2
2501,11575,7,1,55.0,26.0,0.05
2502,11575,5,1,280.0,175.0,0.1
2503,11575,11,3,48.0,22.0,0.1
2504,11576,1,1,850.0,610.0,0.05
2505,11577,5,2,280.0,175.0,0.15
2506,11578,6,2,195.0,112.0,0.1
2507,11578,10,2,35.0,15.0,0.1
2508,11579,5,1,280.0,175.0,0.05
2509,11579,2,1,250.0,175.0,0.1
2510,11579,1,1,850.0,610.0,0.0
2511,11580,8,1,70.0,33.0,0.15
2512,11580,11,1,48.0,22.0,0.05
2513,11581,10,2,35.0,15.0,0.15
2514,11581,5,1,280.0,175.0,0.0
2515,11582,4,1,115.0,62.0,0.0
2516,11583,1,1,850.0,610.0,0.05
2517,11584,2,1,250.0,175.0,0.1
2518,11585,12,1,18.0,7.0,0.1
2519,11586,11,2,48.0,22.0,0.0
2520,11587,5,1,280.0,175.0,0.0
2521,11588,2,1,250.0,175.0,0.0
2522,11589,8,1,70.0,33.0,0.05
2523,11589,5,2,280.0,175.0,0.05
2524,11590,3,1,380.0,270.0,0.05
2525,11591,10,2,35.0,15.0,0.0
2526,11592,2,1,250.0,175.0,0.05
2527,11592,3,1,380.0,270.0,0.0
2528,11593,6,1,195.0,112.0,0.05
2529,11594,10,1,35.0,15.0,0.15
2530,11595,7,1,55.0,26.0,0.0
2531,11596,3,2,380.0,270.0,0.05
2532,11596,7,1,55.0,26.0,0.05
2533,11597,2,1,250.0,175.0,0.15
2534,11598,7,1,55.0,26.0,0.0
2535,11598,1,1,850.0,610.0,0.15
2536,11598,9,1,85.0,43.0,0.05
2537,11599,3,1,380.0,270.0,0.1
2538,11600,5,1,280.0,175.0,0.05
2539,11600,8,1,70.0,33.0,0.0
2540,11601,11,1,48.0,22.0,0.1
2541,11602,7,1,55.0,26.0,0.05
2542,11603,7,1,55.0,26.0,0.0
2543,11603,2,1,250.0,175.0,0.05
2544,11604,7,1,55.0,26.0,0.05
2545,11605,11,1,48.0,22.0,0.0
2546,11606,11,2,48.0,22.0,0.0
2547,11607,10,2,35.0,15.0,0.0
2548,11607,6,1,195.0,112.0,0.1
2549,11607,12,1,18.0,7.0,0.05
2550,11608,8,2,70.0,33.0,0.05
2551,11609,3,3,380.0,270.0,0.0
2552,11610,4,3,115.0,62.0,0.1
2553,11610,6,3,195.0,112.0,0.0
2554,11611,4,3,115.0,62.0,0.1
2555,11611,6,1,195.0,112.0,0.05
2556,11612,1,1,850.0,610.0,0.0
2557,11612,9,1,85.0,43.0,0.15
2558,11613,12,1,18.0,7.0,0.2
2559,11613,6,1,195.0,112.0,0.0
2560,11613,4,1,115.0,62.0,0.1
2561,11614,5,2,280.0,175.0,0.2
2562,11615,9,1,85.0,43.0,0.2
2563,11616,1,2,850.0,610.0,0.1
2564,11617,5,1,280.0,175.0,0.0
2565,11618,2,1,250.0,175.0,0.0
2566,11619,9,1,85.0,43.0,0.1
2567,11620,2,1,250.0,175.0,0.0
2568,11621,6,1,195.0,112.0,0.0
2569,11622,1,2,850.0,610.0,0.0
2570,11623,8,1,70.0,33.0,0.0
2571,11624,2,2,250.0,175.0,0.1
2572,11624,9,2,85.0,43.0,0.05
2573,11625,2,1,250.0,175.0,0.0
2574,11626,1,1,850.0,610.0,0.0
2575,11626,2,2,250.0,175.0,0.0
2576,11627,2,2,250.0,175.0,0.15
2577,11627,6,1,195.0,112.0,0.0
2578,11628,1,1,850.0,610.0,0.05
2579,11629,6,1,195.0,112.0,0.15
2580,11629,7,1,55.0,26.0,0.15
2581,11630,10,1,35.0,15.0,0.1
2582,11631,8,1,70.0,33.0,0.1
2583,11632,8,1,70.0,33.0,0.0
2584,11632,10,1,35.0,15.0,0.0
2585,11633,7,1,55.0,26.0,0.2
2586,11633,5,1,280.0,175.0,0.1
2587,11634,3,2,380.0,270.0,0.05
2588,11635,1,1,850.0,610.0,0.05
2589,11636,2,1,250.0,175.0,0.0
2590,11637,6,2,195.0,112.0,0.15
2591,11637,2,1,250.0,175.0,0.05
2592,11637,5,2,280.0,175.0,0.0
2593,11638,8,2,70.0,33.0,0.1
2594,11639,12,2,18.0,7.0,0.0
2595,11639,11,1,48.0,22.0,0.1
2596,11640,11,3,48.0,22.0,0.05
2597,11640,12,2,18.0,7.0,0.1
2598,11641,3,1,380.0,270.0,0.0
2599,11642,10,1,35.0,15.0,0.15
2600,11642,6,1,195.0,112.0,0.05
2601,11643,7,1,55.0,26.0,0.1
2602,11644,9,1,85.0,43.0,0.2
2603,11645,6,2,195.0,112.0,0.0
2604,11645,1,1,850.0,610.0,0.05
2605,11646,6,2,195.0,112.0,0.0
2606,11646,9,1,85.0,43.0,0.0
2607,11647,1,1,850.0,610.0,0.05
2608,11647,12,1,18.0,7.0,0.2
2609,11648,4,1,115.0,62.0,0.0
2610,11648,10,2,35.0,15.0,0.05
2611,11649,7,1,55.0,26.0,0.0
2612,11650,4,1,115.0,62.0,0.0
2613,11650,7,1,55.0,26.0,0.1
2614,11651,10,1,35.0,15.0,0.1
2615,11651,2,2,250.0,175.0,0.05
2616,11652,7,1,55.0,26.0,0.05
2617,11652,2,1,250.0,175.0,0.1
2618,11653,11,1,48.0,22.0,0.2
2619,11654,11,1,48.0,22.0,0.05
2620,11655,7,1,55.0,26.0,0.0
2621,11655,8,2,70.0,33.0,0.05
2622,11656,2,3,250.0,175.0,0.0
2623,11657,2,2,250.0,175.0,0.0
2624,11657,4,1,115.0,62.0,0.1
2625,11658,1,1,850.0,610.0,0.1
2626,11659,12,1,18.0,7.0,0.05
2627,11660,7,3,55.0,26.0,0.0
2628,11661,4,3,115.0,62.0,0.0
2629,11662,4,2,115.0,62.0,0.0
2630,11663,6,1,195.0,112.0,0.15
2631,11663,8,3,70.0,33.0,0.0
2632,11663,12,2,18.0,7.0,0.0
2633,11664,4,1,115.0,62.0,0.0
2634,11665,6,3,195.0,112.0,0.0
2635,11666,3,2,380.0,270.0,0.1
2636,11667,10,1,35.0,15.0,0.0
2637,11668,7,1,55.0,26.0,0.0
2638,11668,10,1,35.0,15.0,0.1
2639,11669,2,1,250.0,175.0,0.0
2640,11670,5,1,280.0,175.0,0.1
2641,11671,9,3,85.0,43.0,0.0
2642,11672,9,1,85.0,43.0,0.05
2643,11673,5,2,280.0,175.0,0.1
2644,11674,9,1,85.0,43.0,0.0
2645,11675,10,1,35.0,15.0,0.1
2646,11675,9,2,85.0,43.0,0.05
2647,11676,7,1,55.0,26.0,0.1
2648,11677,11,1,48.0,22.0,0.0
2649,11677,10,1,35.0,15.0,0.05
2650,11678,4,1,115.0,62.0,0.0
2651,11679,5,1,280.0,175.0,0.1
2652,11680,9,1,85.0,43.0,0.0
2653,11680,8,1,70.0,33.0,0.1
2654,11681,6,1,195.0,112.0,0.0
2655,11681,12,1,18.0,7.0,0.1
2656,11681,2,1,250.0,175.0,0.05
2657,11682,5,2,280.0,175.0,0.05
2658,11682,10,1,35.0,15.0,0.0
2659,11683,6,2,195.0,112.0,0.15
2660,11683,8,1,70.0,33.0,0.15
2661,11683,10,1,35.0,15.0,0.0
2662,11684,10,1,35.0,15.0,0.0
2663,11685,10,2,35.0,15.0,0.05
2664,11685,5,1,280.0,175.0,0.15
2665,11686,6,1,195.0,112.0,0.1
2666,11686,2,3,250.0,175.0,0.05
2667,11686,9,1,85.0,43.0,0.1
2668,11687,6,2,195.0,112.0,0.0
2669,11688,2,3,250.0,175.0,0.1
2670,11689,4,1,115.0,62.0,0.1
2671,11689,12,1,18.0,7.0,0.0
2672,11690,11,1,48.0,22.0,0.0
2673,11690,12,2,18.0,7.0,0.1
2674,11690,2,2,250.0,175.0,0.05
2675,11691,2,2,250.0,175.0,0.05
2676,11691,8,1,70.0,33.0,0.05
2677,11692,9,2,85.0,43.0,0.1
2678,11692,4,1,115.0,62.0,0.0
2679,11693,9,1,85.0,43.0,0.0
2680,11693,6,2,195.0,112.0,0.0
2681,11694,4,1,115.0,62.0,0.0
2682,11695,1,1,850.0,610.0,0.05
2683,11696,9,1,85.0,43.0,0.15
2684,11697,1,1,850.0,610.0,0.05
2685,11697,6,1,195.0,112.0,0.0
2686,11698,8,2,70.0,33.0,0.15
2687,11699,5,2,280.0,175.0,0.05
2688,11700,3,1,380.0,270.0,0.15
2689,11701,1,1,850.0,610.0,0.0
2690,11701,12,1,18.0,7.0,0.05
2691,11702,9,1,85.0,43.0,0.1
2692,11703,12,1,18.0,7.0,0.0
2693,11704,10,2,35.0,15.0,0.0
2694,11704,1,1,850.0,610.0,0.1
2695,11704,7,1,55.0,26.0,0.15
2696,11705,7,1,55.0,26.0,0.15
2697,11706,2,1,250.0,175.0,0.1
2698,11706,3,1,380.0,270.0,0.0
2699,11707,2,1,250.0,175.0,0.1
2700,11708,6,2,195.0,112.0,0.05
2701,11709,10,2,35.0,15.0,0.1
2702,11709,7,1,55.0,26.0,0.0
2703,11709,2,1,250.0,175.0,0.05
2704,11710,3,1,380.0,270.0,0.1
2705,11710,4,1,115.0,62.0,0.1
2706,11711,4,1,115.0,62.0,0.0
2707,11712,1,2,850.0,610.0,0.05
2708,11712,5,1,280.0,175.0,0.1
2709,11713,5,1,280.0,175.0,0.05
2710,11713,2,1,250.0,175.0,0.05
2711,11714,6,2,195.0,112.0,0.15
2712,11714,10,2,35.0,15.0,0.05
2713,11715,5,1,280.0,175.0,0.05
2714,11716,7,1,55.0,26.0,0.0
2715,11717,4,1,115.0,62.0,0.0
2716,11718,10,1,35.0,15.0,0.0
2717,11719,11,1,48.0,22.0,0.05
2718,11719,7,1,55.0,26.0,0.0
2719,11720,12,1,18.0,7.0,0.0
2720,11721,6,2,195.0,112.0,0.0
2721,11721,10,1,35.0,15.0,0.15
2722,11721,8,1,70.0,33.0,0.05
2723,11722,4,1,115.0,62.0,0.0
2724,11723,6,1,195.0,112.0,0.1
2725,11723,5,2,280.0,175.0,0.1
2726,11724,9,3,85.0,43.0,0.0
2727,11724,2,1,250.0,175.0,0.0
2728,11724,12,2,18.0,7.0,0.0
2729,11725,9,1,85.0,43.0,0.05
2730,11726,7,2,55.0,26.0,0.0
2731,11727,10,1,35.0,15.0,0.0
2732,11727,9,2,85.0,43.0,0.0
2733,11728,11,1,48.0,22.0,0.1
2734,11728,5,1,280.0,175.0,0.1
2735,11729,11,1,48.0,22.0,0.15
2736,11730,1,1,850.0,610.0,0.15
2737,11730,2,2,250.0,175.0,0.0
2738,11731,12,2,18.0,7.0,0.0
2739,11732,2,2,250.0,175.0,0.15
2740,11732,8,1,70.0,33.0,0.1
2741,11732,4,1,115.0,62.0,0.15
2742,11733,5,1,280.0,175.0,0.1
2743,11733,12,2,18.0,7.0,0.15
2744,11734,3,2,380.0,270.0,0.0
2745,11735,6,1,195.0,112.0,0.2
2746,11735,7,1,55.0,26.0,0.2
2747,11736,2,1,250.0,175.0,0.05
2748,11736,11,1,48.0,22.0,0.05
2749,11737,7,1,55.0,26.0,0.05
2750,11738,11,1,48.0,22.0,0.1
2751,11738,3,1,380.0,270.0,0.0
2752,11739,9,1,85.0,43.0,0.1
2753,11739,6,1,195.0,112.0,0.0
2754,11740,6,1,195.0,112.0,0.05
2755,11741,6,1,195.0,112.0,0.2
2756,11741,4,3,115.0,62.0,0.05
2757,11741,5,1,280.0,175.0,0.1
2758,11742,10,1,35.0,15.0,0.15
2759,11742,11,1,48.0,22.0,0.05
2760,11743,2,1,250.0,175.0,0.15
2761,11743,4,1,115.0,62.0,0.0
2762,11744,5,2,280.0,175.0,0.0
2763,11744,3,2,380.0,270.0,0.0
2764,11745,12,1,18.0,7.0,0.05
2765,11746,4,1,115.0,62.0,0.0
2766,11747,8,2,70.0,33.0,0.05
2767,11747,11,1,48.0,22.0,0.05
2768,11748,7,1,55.0,26.0,0.05
2769,11748,12,1,18.0,7.0,0.0
2770,11749,5,1,280.0,175.0,0.0
2771,11750,1,1,850.0,610.0,0.0
2772,11751,12,1,18.0,7.0,0.1
2773,11752,6,1,195.0,112.0,0.1
2774,11753,10,2,35.0,15.0,0.1
2775,11754,7,3,55.0,26.0,0.05
2776,11755,1,2,850.0,610.0,0.05
2777,11756,8,1,70.0,33.0,0.1
2778,11757,4,1,115.0,62.0,0.05
2779,11758,10,1,35.0,15.0,0.0
2780,11759,7,1,55.0,26.0,0.0
2781,11760,4,1,115.0,62.0,0.15
2782,11761,10,1,35.0,15.0,0.0
2783,11762,9,1,85.0,43.0,0.05
2784,11762,1,1,850.0,610.0,0.0
2785,11763,5,2,280.0,175.0,0.0
2786,11763,8,1,70.0,33.0,0.15
2787,11763,7,1,55.0,26.0,0.1
2788,11764,9,1,85.0,43.0,0.0
2789,11765,10,2,35.0,15.0,0.0
2790,11766,2,3,250.0,175.0,0.0
2791,11766,10,1,35.0,15.0,0.0
2792,11767,9,1,85.0,43.0,0.1
2793,11767,8,1,70.0,33.0,0.05
2794,11767,5,1,280.0,175.0,0.1
2795,11768,5,1,280.0,175.0,0.1
2796,11769,10,2,35.0,15.0,0.1
2797,11770,6,1,195.0,112.0,0.2
2798,11770,10,1,35.0,15.0,0.0
2799,11771,10,1,35.0,15.0,0.05
2800,11771,1,1,850.0,610.0,0.15
2801,11771,11,2,48.0,22.0,0.0
2802,11772,5,2,280.0,175.0,0.05
2803,11772,11,2,48.0,22.0,0.1
2804,11773,10,2,35.0,15.0,0.0
2805,11774,9,1,85.0,43.0,0.05
2806,11774,8,1,70.0,33.0,0.05
2807,11775,8,1,70.0,33.0,0.0
2808,11775,7,1,55.0,26.0,0.05
2809,11775,6,1,195.0,112.0,0.1
2810,11776,8,1,70.0,33.0,0.15
2811,11776,2,2,250.0,175.0,0.05
2812,11777,5,1,280.0,175.0,0.0
2813,11777,9,1,85.0,43.0,0.05
2814,11777,10,1,35.0,15.0,0.0
2815,11778,7,1,55.0,26.0,0.1
2816,11779,2,1,250.0,175.0,0.05
2817,11779,9,2,85.0,43.0,0.0
2818,11780,3,1,380.0,270.0,0.05
2819,11781,7,1,55.0,26.0,0.0
2820,11781,5,1,280.0,175.0,0.05
2821,11781,3,1,380.0,270.0,0.15
2822,11782,4,1,115.0,62.0,0.0
2823,11782,9,2,85.0,43.0,0.0
2824,11783,5,1,280.0,175.0,0.0
2825,11783,9,1,85.0,43.0,0.0
2826,11783,7,1,55.0,26.0,0.15
2827,11784,3,1,380.0,270.0,0.1
2828,11784,2,1,250.0,175.0,0.15
2829,11785,5,1,280.0,175.0,0.05
2830,11786,2,2,250.0,175.0,0.0
2831,11787,11,1,48.0,22.0,0.1
2832,11788,7,2,55.0,26.0,0.05
2833,11788,4,1,115.0,62.0,0.05
2834,11788,6,2,195.0,112.0,0.1
2835,11789,3,2,380.0,270.0,0.0
2836,11789,2,2,250.0,175.0,0.15
2837,11790,11,1,48.0,22.0,0.0
2838,11790,3,3,380.0,270.0,0.05
2839,11791,1,2,850.0,610.0,0.05
2840,11791,12,1,18.0,7.0,0.0
2841,11792,10,1,35.0,15.0,0.05
2842,11792,8,1,70.0,33.0,0.0
2843,11792,12,1,18.0,7.0,0.05
2844,11793,9,1,85.0,43.0,0.1
2845,11793,8,1,70.0,33.0,0.1
2846,11794,1,1,850.0,610.0,0.1
2847,11794,8,1,70.0,33.0,0.15
2848,11795,1,1,850.0,610.0,0.05
2849,11796,12,1,18.0,7.0,0.1
2850,11797,5,2,280.0,175.0,0.0
2851,11797,11,1,48.0,22.0,0.1
2852,11798,3,1,380.0,270.0,0.2
2853,11798,5,1,280.0,175.0,0.2
2854,11798,8,3,70.0,33.0,0.05
2855,11799,9,1,85.0,43.0,0.05
2856,11800,6,2,195.0,112.0,0.0
2857,11801,9,1,85.0,43.0,0.05
2858,11802,6,1,195.0,112.0,0.0
2859,11803,3,1,380.0,270.0,0.0
2860,11804,2,1,250.0,175.0,0.05
2861,11804,8,2,70.0,33.0,0.15
2862,11805,7,2,55.0,26.0,0.0
2863,11806,3,3,380.0,270.0,0.0
2864,11806,8,1,70.0,33.0,0.1
2865,11807,7,1,55.0,26.0,0.05
2866,11807,1,3,850.0,610.0,0.15
2867,11807,5,1,280.0,175.0,0.05
2868,11808,8,1,70.0,33.0,0.0
2869,11808,9,1,85.0,43.0,0.1
2870,11809,5,2,280.0,175.0,0.0
2871,11810,4,1,115.0,62.0,0.1
2872,11811,7,2,55.0,26.0,0.0
2873,11811,11,1,48.0,22.0,0.05
2874,11812,4,2,115.0,62.0,0.05
2875,11813,11,1,48.0,22.0,0.0
2876,11813,5,1,280.0,175.0,0.0
2877,11814,6,1,195.0,112.0,0.1
2878,11814,10,1,35.0,15.0,0.2
2879,11815,1,1,850.0,610.0,0.05
2880,11816,4,1,115.0,62.0,0.1
2881,11816,3,2,380.0,270.0,0.1
2882,11817,4,1,115.0,62.0,0.0
2883,11817,6,1,195.0,112.0,0.0
2884,11818,10,1,35.0,15.0,0.0
2885,11819,6,2,195.0,112.0,0.15
2886,11820,1,1,850.0,610.0,0.0
2887,11820,9,2,85.0,43.0,0.0
2888,11821,6,1,195.0,112.0,0.15
2889,11821,11,1,48.0,22.0,0.15
2890,11822,4,1,115.0,62.0,0.0
2891,11822,6,1,195.0,112.0,0.15
2892,11822,8,1,70.0,33.0,0.05
2893,11823,11,1,48.0,22.0,0.0
2894,11824,7,1,55.0,26.0,0.0
2895,11824,1,1,850.0,610.0,0.2
2896,11824,5,1,280.0,175.0,0.1
2897,11825,9,1,85.0,43.0,0.05
2898,11826,10,1,35.0,15.0,0.0
2899,11826,3,1,380.0,270.0,0.0
2900,11827,7,1,55.0,26.0,0.1
2901,11828,9,1,85.0,43.0,0.1
2902,11828,1,1,850.0,610.0,0.15
2903,11829,12,1,18.0,7.0,0.05
2904,11830,9,1,85.0,43.0,0.05
2905,11830,12,2,18.0,7.0,0.05
2906,11830,4,1,115.0,62.0,0.0
2907,11831,8,2,70.0,33.0,0.1
2908,11831,10,1,35.0,15.0,0.0
2909,11831,4,1,115.0,62.0,0.0
2910,11832,6,2,195.0,112.0,0.1
2911,11833,8,3,70.0,33.0,0.1
2912,11833,4,1,115.0,62.0,0.0
2913,11833,5,1,280.0,175.0,0.15
2914,11834,2,2,250.0,175.0,0.15
2915,11834,1,2,850.0,610.0,0.0
2916,11835,8,1,70.0,33.0,0.0
2917,11835,11,1,48.0,22.0,0.0
2918,11836,6,2,195.0,112.0,0.0
2919,11837,6,1,195.0,112.0,0.0
2920,11837,10,1,35.0,15.0,0.05
2921,11837,9,2,85.0,43.0,0.0
2922,11838,11,1,48.0,22.0,0.15
2923,11838,12,1,18.0,7.0,0.1
2924,11838,7,3,55.0,26.0,0.2
2925,11839,12,2,18.0,7.0,0.0
2926,11840,10,1,35.0,15.0,0.2
2927,11841,5,1,280.0,175.0,0.05
2928,11842,6,2,195.0,112.0,0.05
2929,11843,7,3,55.0,26.0,0.0
2930,11844,1,2,850.0,610.0,0.05
2931,11845,4,1,115.0,62.0,0.0
2932,11845,12,1,18.0,7.0,0.05
2933,11845,6,1,195.0,112.0,0.0
2934,11846,4,1,115.0,62.0,0.05
2935,11846,6,2,195.0,112.0,0.0
2936,11846,9,1,85.0,43.0,0.15
2937,11847,5,1,280.0,175.0,0.1
2938,11847,10,2,35.0,15.0,0.0
2939,11848,8,1,70.0,33.0,0.2
2940,11849,8,3,70.0,33.0,0.0
2941,11850,10,3,35.0,15.0,0.0
2942,11850,9,1,85.0,43.0,0.05
2943,11851,6,1,195.0,112.0,0.0
2944,11852,12,2,18.0,7.0,0.0
2945,11853,12,1,18.0,7.0,0.05
2946,11854,3,2,380.0,270.0,0.0
2947,11854,8,3,70.0,33.0,0.05
2948,11855,1,1,850.0,610.0,0.0
2949,11856,1,3,850.0,610.0,0.0
2950,11856,5,1,280.0,175.0,0.05
2951,11857,5,1,280.0,175.0,0.0
2952,11858,5,1,280.0,175.0,0.05
2953,11859,5,2,280.0,175.0,0.15
2954,11860,9,2,85.0,43.0,0.0
2955,11860,3,1,380.0,270.0,0.05
2956,11861,5,2,280.0,175.0,0.0
2957,11861,12,1,18.0,7.0,0.05
2958,11861,9,1,85.0,43.0,0.0
2959,11862,9,1,85.0,43.0,0.05
2960,11863,5,1,280.0,175.0,0.0
2961,11863,7,1,55.0,26.0,0.0
2962,11864,11,1,48.0,22.0,0.05
2963,11864,3,2,380.0,270.0,0.2
2964,11865,7,1,55.0,26.0,0.05
2965,11866,11,1,48.0,22.0,0.05
2966,11867,11,3,48.0,22.0,0.1
2967,11867,10,1,35.0,15.0,0.05
2968,11868,11,2,48.0,22.0,0.0
2969,11868,12,1,18.0,7.0,0.0
2970,11868,3,1,380.0,270.0,0.0
2971,11869,5,2,280.0,175.0,0.1
2972,11870,4,1,115.0,62.0,0.1
2973,11870,7,1,55.0,26.0,0.2
2974,11871,6,1,195.0,112.0,0.05
2975,11872,1,1,850.0,610.0,0.1
2976,11873,7,1,55.0,26.0,0.2
2977,11874,10,2,35.0,15.0,0.2
2978,11875,11,2,48.0,22.0,0.15
2979,11876,12,2,18.0,7.0,0.05
2980,11876,9,1,85.0,43.0,0.0
2981,11877,5,2,280.0,175.0,0.05
2982,11877,10,1,35.0,15.0,0.0
2983,11878,4,1,115.0,62.0,0.1
2984,11879,10,1,35.0,15.0,0.1
2985,11879,1,3,850.0,610.0,0.1
2986,11880,12,1,18.0,7.0,0.0
2987,11881,3,1,380.0,270.0,0.0
2988,11882,5,2,280.0,175.0,0.0
2989,11883,6,2,195.0,112.0,0.0
2990,11884,2,1,250.0,175.0,0.0
2991,11884,7,1,55.0,26.0,0.1
2992,11884,4,2,115.0,62.0,0.05
2993,11885,4,2,115.0,62.0,0.0
2994,11886,5,1,280.0,175.0,0.15
2995,11887,12,1,18.0,7.0,0.0
2996,11888,6,1,195.0,112.0,0.05
2997,11888,11,1,48.0,22.0,0.0
2998,11888,4,2,115.0,62.0,0.1
2999,11889,8,1,70.0,33.0,0.05
3000,11889,1,1,850.0,610.0,0.05
3001,11890,2,1,250.0,175.0,0.0
3002,11891,11,1,48.0,22.0,0.0
3003,11892,12,1,18.0,7.0,0.0
3004,11893,6,1,195.0,112.0,0.05
3005,11893,1,1,850.0,610.0,0.05
3006,11894,1,2,850.0,610.0,0.0
3007,11895,6,1,195.0,112.0,0.0
3008,11895,7,2,55.0,26.0,0.0
3009,11896,6,2,195.0,112.0,0.1
3010,11896,7,1,55.0,26.0,0.05
3011,11897,7,1,55.0,26.0,0.05
3012,11897,5,3,280.0,175.0,0.1
3013,11898,1,1,850.0,610.0,0.1
3014,11898,12,1,18.0,7.0,0.1
3015,11899,4,1,115.0,62.0,0.0
3016,11899,9,1,85.0,43.0,0.15
3017,11900,10,1,35.0,15.0,0.1
3018,11901,1,1,850.0,610.0,0.1
3019,11902,6,1,195.0,112.0,0.1
3020,11902,8,2,70.0,33.0,0.2
3021,11903,12,1,18.0,7.0,0.15
3022,11904,7,1,55.0,26.0,0.0
3023,11904,9,2,85.0,43.0,0.05
3024,11905,6,2,195.0,112.0,0.15
3025,11905,12,1,18.0,7.0,0.0
3026,11906,3,1,380.0,270.0,0.05
3027,11907,3,3,380.0,270.0,0.1
3028,11908,3,1,380.0,270.0,0.05
3029,11908,12,1,18.0,7.0,0.0
3030,11909,1,3,850.0,610.0,0.0
3031,11909,4,2,115.0,62.0,0.05
3032,11910,5,1,280.0,175.0,0.05
3033,11911,2,1,250.0,175.0,0.1
3034,11911,1,1,850.0,610.0,0.0
3035,11912,11,2,48.0,22.0,0.0
3036,11913,3,2,380.0,270.0,0.15
3037,11913,9,1,85.0,43.0,0.0
3038,11913,10,2,35.0,15.0,0.0
3039,11914,4,1,115.0,62.0,0.0
3040,11915,12,1,18.0,7.0,0.05
3041,11916,2,2,250.0,175.0,0.2
3042,11917,5,1,280.0,175.0,0.0
3043,11917,1,1,850.0,610.0,0.0
3044,11918,6,1,195.0,112.0,0.0
3045,11919,8,1,70.0,33.0,0.0
3046,11920,12,2,18.0,7.0,0.1
3047,11921,1,2,850.0,610.0,0.05
3048,11921,12,2,18.0,7.0,0.1
3049,11921,8,2,70.0,33.0,0.0
3050,11922,2,1,250.0,175.0,0.05
3051,11923,1,2,850.0,610.0,0.1
3052,11924,9,2,85.0,43.0,0.05
3053,11924,3,1,380.0,270.0,0.1
3054,11925,9,1,85.0,43.0,0.1
3055,11925,2,3,250.0,175.0,0.0
3056,11926,12,1,18.0,7.0,0.1
3057,11926,3,2,380.0,270.0,0.05
3058,11927,8,1,70.0,33.0,0.0
3059,11928,10,1,35.0,15.0,0.0
3060,11928,11,2,48.0,22.0,0.0
3061,11929,10,1,35.0,15.0,0.0
3062,11930,9,2,85.0,43.0,0.1
3063,11930,1,1,850.0,610.0,0.0
3064,11931,4,1,115.0,62.0,0.1
3065,11931,2,1,250.0,175.0,0.0
3066,11932,10,1,35.0,15.0,0.1
3067,11933,9,1,85.0,43.0,0.05
3068,11933,4,1,115.0,62.0,0.0
3069,11934,10,1,35.0,15.0,0.05
3070,11934,8,2,70.0,33.0,0.0
3071,11935,12,2,18.0,7.0,0.05
3072,11935,10,1,35.0,15.0,0.0
3073,11935,11,1,48.0,22.0,0.0
3074,11936,6,1,195.0,112.0,0.0
3075,11936,7,1,55.0,26.0,0.05
3076,11937,6,1,195.0,112.0,0.1
3077,11937,8,1,70.0,33.0,0.05
3078,11938,8,2,70.0,33.0,0.0
3079,11938,5,1,280.0,175.0,0.0
3080,11939,2,1,250.0,175.0,0.1
3081,11939,6,2,195.0,112.0,0.0
3082,11940,1,2,850.0,610.0,0.15
3083,11941,5,1,280.0,175.0,0.2
3084,11942,8,1,70.0,33.0,0.05
3085,11943,4,1,115.0,62.0,0.0
3086,11944,8,1,70.0,33.0,0.1
3087,11944,11,2,48.0,22.0,0.2
3088,11944,5,1,280.0,175.0,0.1
3089,11945,11,1,48.0,22.0,0.0
3090,11946,1,1,850.0,610.0,0.1
3091,11947,5,1,280.0,175.0,0.0
3092,11947,10,1,35.0,15.0,0.0
3093,11948,10,1,35.0,15.0,0.0
3094,11949,2,2,250.0,175.0,0.05
3095,11950,5,2,280.0,175.0,0.0
3096,11951,4,1,115.0,62.0,0.1
3097,11952,11,1,48.0,22.0,0.1
3098,11953,10,3,35.0,15.0,0.0
3099,11954,8,1,70.0,33.0,0.0
3100,11955,1,1,850.0,610.0,0.0
3101,11956,2,2,250.0,175.0,0.0
3102,11956,11,1,48.0,22.0,0.1
3103,11957,11,1,48.0,22.0,0.0
3104,11957,6,1,195.0,112.0,0.0
3105,11958,5,3,280.0,175.0,0.0
3106,11958,11,1,48.0,22.0,0.0
3107,11958,9,1,85.0,43.0,0.1
3108,11959,6,2,195.0,112.0,0.0
3109,11960,6,1,195.0,112.0,0.2
3110,11960,2,1,250.0,175.0,0.0
3111,11961,9,1,85.0,43.0,0.1
3112,11962,10,1,35.0,15.0,0.0
3113,11962,5,1,280.0,175.0,0.15
3114,11963,12,2,18.0,7.0,0.0
3115,11963,10,1,35.0,15.0,0.05
3116,11964,8,1,70.0,33.0,0.05
3117,11964,12,2,18.0,7.0,0.0
3118,11964,4,2,115.0,62.0,0.1
3119,11965,9,1,85.0,43.0,0.05
3120,11965,11,1,48.0,22.0,0.1
3121,11966,4,2,115.0,62.0,0.05
3122,11967,4,1,115.0,62.0,0.05
3123,11967,7,1,55.0,26.0,0.15
3124,11968,5,1,280.0,175.0,0.15
3125,11968,9,2,85.0,43.0,0.05
3126,11969,7,2,55.0,26.0,0.1
3127,11970,5,1,280.0,175.0,0.1
3128,11971,1,1,850.0,610.0,0.0
3129,11971,6,2,195.0,112.0,0.1
3130,11972,8,3,70.0,33.0,0.0
3131,11972,6,2,195.0,112.0,0.1
3132,11972,12,1,18.0,7.0,0.0
3133,11973,9,1,85.0,43.0,0.0
3134,11974,5,1,280.0,175.0,0.15
3135,11974,9,2,85.0,43.0,0.0
3136,11975,1,1,850.0,610.0,0.05
3137,11976,1,1,850.0,610.0,0.1
3138,11977,1,1,850.0,610.0,0.0
3139,11978,3,1,380.0,270.0,0.05
3140,11978,11,2,48.0,22.0,0.0
3141,11978,8,3,70.0,33.0,0.0
3142,11979,8,1,70.0,33.0,0.1
3143,11979,3,1,380.0,270.0,0.1
3144,11979,4,1,115.0,62.0,0.0
3145,11980,2,1,250.0,175.0,0.0
3146,11981,9,1,85.0,43.0,0.0
3147,11981,1,1,850.0,610.0,0.0
3148,11982,12,1,18.0,7.0,0.1
3149,11982,3,1,380.0,270.0,0.05
3150,11983,5,1,280.0,175.0,0.1
3151,11984,5,1,280.0,175.0,0.0
3152,11985,10,1,35.0,15.0,0.0
3153,11985,1,1,850.0,610.0,0.0
3154,11985,9,1,85.0,43.0,0.0
3155,11986,10,1,35.0,15.0,0.0
3156,11986,6,1,195.0,112.0,0.05
3157,11986,9,1,85.0,43.0,0.05
3158,11987,8,1,70.0,33.0,0.05
3159,11987,10,3,35.0,15.0,0.0
3160,11988,3,1,380.0,270.0,0.0
3161,11988,12,2,18.0,7.0,0.1
3162,11989,4,1,115.0,62.0,0.05
3163,11990,9,3,85.0,43.0,0.05
3164,11991,4,1,115.0,62.0,0.0
3165,11992,7,1,55.0,26.0,0.05
3166,11993,5,1,280.0,175.0,0.05
3167,11994,2,1,250.0,175.0,0.1
3168,11995,10,3,35.0,15.0,0.1
3169,11996,12,2,18.0,7.0,0.1
3170,11996,10,1,35.0,15.0,0.0
3171,11997,9,3,85.0,43.0,0.15
3172,11998,12,1,18.0,7.0,0.1
3173,11998,11,1,48.0,22.0,0.05
3174,11999,3,1,380.0,270.0,0.0
3175,12000,1,2,850.0,610.0,0.05
3176,12001,7,1,55.0,26.0,0.0
3177,12001,11,1,48.0,22.0,0.05
3178,12002,10,2,35.0,15.0,0.0
3179,12003,7,2,55.0,26.0,0.05
3180,12004,6,1,195.0,112.0,0.0
3181,12005,2,2,250.0,175.0,0.0
3182,12006,8,1,70.0,33.0,0.15
3183,12006,12,1,18.0,7.0,0.0
3184,12007,1,3,850.0,610.0,0.2
3185,12008,1,1,850.0,610.0,0.1
3186,12009,3,1,380.0,270.0,0.1
3187,12009,6,1,195.0,112.0,0.0
3188,12010,8,2,70.0,33.0,0.0
3189,12010,11,1,48.0,22.0,0.0
3190,12011,7,1,55.0,26.0,0.0
3191,12012,7,2,55.0,26.0,0.05
3192,12013,11,1,48.0,22.0,0.05
3193,12013,6,1,195.0,112.0,0.1
3194,12014,9,1,85.0,43.0,0.1
3195,12014,7,1,55.0,26.0,0.0
3196,12015,9,1,85.0,43.0,0.05
3197,12016,4,1,115.0,62.0,0.05
3198,12017,9,2,85.0,43.0,0.1
3199,12018,10,1,35.0,15.0,0.1
3200,12018,5,2,280.0,175.0,0.05
3201,12019,12,2,18.0,7.0,0.1
3202,12019,8,2,70.0,33.0,0.0
3203,12019,9,1,85.0,43.0,0.05
3204,12020,5,1,280.0,175.0,0.0
3205,12020,7,1,55.0,26.0,0.05
3206,12021,7,1,55.0,26.0,0.1
3207,12022,1,2,850.0,610.0,0.05
3208,12023,11,2,48.0,22.0,0.0
3209,12024,3,1,380.0,270.0,0.15
3210,12025,8,1,70.0,33.0,0.1
3211,12026,8,1,70.0,33.0,0.1
3212,12027,11,1,48.0,22.0,0.0
3213,12028,5,1,280.0,175.0,0.05
3214,12028,4,1,115.0,62.0,0.0
3215,12028,2,1,250.0,175.0,0.0
3216,12029,4,1,115.0,62.0,0.0
3217,12030,7,2,55.0,26.0,0.15
3218,12031,8,1,70.0,33.0,0.0
3219,12031,4,1,115.0,62.0,0.15
3220,12032,9,1,85.0,43.0,0.05
3221,12032,7,1,55.0,26.0,0.0
3222,12033,6,1,195.0,112.0,0.05
3223,12034,7,1,55.0,26.0,0.1
3224,12034,9,2,85.0,43.0,0.1
3225,12034,4,1,115.0,62.0,0.05
3226,12035,7,2,55.0,26.0,0.0
3227,12036,11,1,48.0,22.0,0.0
3228,12036,9,1,85.0,43.0,0.1
3229,12036,6,2,195.0,112.0,0.0
3230,12037,8,1,70.0,33.0,0.15
3231,12037,5,1,280.0,175.0,0.05
3232,12038,12,1,18.0,7.0,0.0
3233,12038,5,2,280.0,175.0,0.05
3234,12039,1,2,850.0,610.0,0.05
3235,12040,5,2,280.0,175.0,0.05
3236,12040,8,1,70.0,33.0,0.0
3237,12040,2,1,250.0,175.0,0.05
3238,12041,4,2,115.0,62.0,0.0
3239,12041,5,1,280.0,175.0,0.1
3240,12042,12,1,18.0,7.0,0.05
3241,12042,2,3,250.0,175.0,0.0
3242,12043,1,2,850.0,610.0,0.1
3243,12044,6,1,195.0,112.0,0.05
3244,12045,9,2,85.0,43.0,0.1
3245,12046,5,1,280.0,175.0,0.0
3246,12046,11,1,48.0,22.0,0.2
3247,12047,1,1,850.0,610.0,0.05
3248,12048,7,1,55.0,26.0,0.05
3249,12049,4,1,115.0,62.0,0.0
3250,12050,11,2,48.0,22.0,0.05
3251,12051,8,1,70.0,33.0,0.15
3252,12052,4,1,115.0,62.0,0.0
3253,12053,10,1,35.0,15.0,0.05
3254,12053,6,1,195.0,112.0,0.15
3255,12053,8,1,70.0,33.0,0.15
3256,12054,11,1,48.0,22.0,0.05
3257,12054,8,2,70.0,33.0,0.05
3258,12055,9,1,85.0,43.0,0.0
3259,12055,8,1,70.0,33.0,0.05
3260,12056,6,1,195.0,112.0,0.1
3261,12056,10,1,35.0,15.0,0.0
3262,12057,9,1,85.0,43.0,0.05
3263,12058,9,2,85.0,43.0,0.15
3264,12058,3,2,380.0,270.0,0.0
3265,12058,12,1,18.0,7.0,0.0
3266,12059,2,3,250.0,175.0,0.15
3267,12059,11,2,48.0,22.0,0.05
3268,12060,6,1,195.0,112.0,0.1
3269,12060,10,1,35.0,15.0,0.05
3270,12061,2,1,250.0,175.0,0.0
3271,12062,4,2,115.0,62.0,0.1
3272,12063,1,1,850.0,610.0,0.05
3273,12064,5,1,280.0,175.0,0.0
3274,12065,2,1,250.0,175.0,0.1
3275,12066,1,2,850.0,610.0,0.05
3276,12066,11,1,48.0,22.0,0.0
3277,12067,2,1,250.0,175.0,0.0
3278,12068,5,1,280.0,175.0,0.0
3279,12068,11,2,48.0,22.0,0.05
3280,12068,8,2,70.0,33.0,0.0
3281,12069,6,1,195.0,112.0,0.05
3282,12069,4,1,115.0,62.0,0.1
3283,12069,10,1,35.0,15.0,0.0
3284,12070,6,1,195.0,112.0,0.0
3285,12071,7,1,55.0,26.0,0.0
3286,12071,4,1,115.0,62.0,0.0
3287,12072,6,1,195.0,112.0,0.0
3288,12073,9,2,85.0,43.0,0.0
3289,12074,8,1,70.0,33.0,0.05
3290,12074,12,1,18.0,7.0,0.0
3291,12075,9,1,85.0,43.0,0.0
3292,12075,12,1,18.0,7.0,0.1
3293,12075,6,1,195.0,112.0,0.0
3294,12076,7,1,55.0,26.0,0.15
3295,12076,9,1,85.0,43.0,0.0
3296,12077,9,3,85.0,43.0,0.05
3297,12078,6,1,195.0,112.0,0.0
3298,12078,12,2,18.0,7.0,0.0
3299,12078,5,1,280.0,175.0,0.1
3300,12079,7,1,55.0,26.0,0.0
3301,12080,9,1,85.0,43.0,0.0
3302,12080,10,1,35.0,15.0,0.05
3303,12081,2,2,250.0,175.0,0.1
3304,12081,7,1,55.0,26.0,0.0
3305,12082,10,2,35.0,15.0,0.15
3306,12083,1,3,850.0,610.0,0.05
3307,12084,8,1,70.0,33.0,0.0
3308,12085,10,1,35.0,15.0,0.1
3309,12086,9,1,85.0,43.0,0.05
3310,12086,11,2,48.0,22.0,0.0
3311,12087,8,3,70.0,33.0,0.15
3312,12088,11,1,48.0,22.0,0.0
3313,12089,12,1,18.0,7.0,0.0
3314,12089,2,1,250.0,175.0,0.0
3315,12089,5,1,280.0,175.0,0.0
3316,12090,2,1,250.0,175.0,0.0
3317,12091,12,2,18.0,7.0,0.05
3318,12092,9,2,85.0,43.0,0.0
3319,12092,2,1,250.0,175.0,0.05
3320,12093,9,3,85.0,43.0,0.05
3321,12094,3,1,380.0,270.0,0.05
3322,12094,5,1,280.0,175.0,0.15
3323,12095,7,2,55.0,26.0,0.1
3324,12096,3,1,380.0,270.0,0.0
3325,12097,10,1,35.0,15.0,0.0
3326,12098,2,1,250.0,175.0,0.0
3327,12099,7,1,55.0,26.0,0.15
3328,12099,9,1,85.0,43.0,0.0
3329,12100,3,1,380.0,270.0,0.1
3330,12100,2,1,250.0,175.0,0.15
3331,12101,4,2,115.0,62.0,0.0
3332,12101,8,1,70.0,33.0,0.0
3333,12102,3,1,380.0,270.0,0.0
3334,12102,8,2,70.0,33.0,0.15
3335,12103,9,2,85.0,43.0,0.05
3336,12103,4,1,115.0,62.0,0.0
3337,12103,12,1,18.0,7.0,0.2
3338,12104,6,2,195.0,112.0,0.1
3339,12104,10,1,35.0,15.0,0.1
3340,12104,1,1,850.0,610.0,0.15
3341,12105,11,2,48.0,22.0,0.05
3342,12106,8,1,70.0,33.0,0.1
3343,12107,5,2,280.0,175.0,0.0
3344,12107,9,1,85.0,43.0,0.0
3345,12108,6,1,195.0,112.0,0.0
3346,12109,7,1,55.0,26.0,0.15
3347,12109,8,1,70.0,33.0,0.05
3348,12109,4,1,115.0,62.0,0.15
3349,12110,4,1,115.0,62.0,0.15
3350,12110,6,1,195.0,112.0,0.05
3351,12110,12,1,18.0,7.0,0.0
3352,12111,12,1,18.0,7.0,0.1
3353,12112,11,1,48.0,22.0,0.2
3354,12113,6,1,195.0,112.0,0.0
3355,12113,2,1,250.0,175.0,0.1
3356,12113,10,1,35.0,15.0,0.05
3357,12114,3,1,380.0,270.0,0.05
3358,12115,12,1,18.0,7.0,0.05
3359,12115,7,3,55.0,26.0,0.0
3360,12115,8,1,70.0,33.0,0.05
3361,12116,5,1,280.0,175.0,0.05
3362,12117,4,1,115.0,62.0,0.15
3363,12118,7,2,55.0,26.0,0.0
3364,12119,7,1,55.0,26.0,0.1
3365,12120,11,2,48.0,22.0,0.0
3366,12121,8,1,70.0,33.0,0.2
3367,12122,5,1,280.0,175.0,0.1
3368,12122,2,3,250.0,175.0,0.15
3369,12123,12,1,18.0,7.0,0.0
3370,12123,10,2,35.0,15.0,0.15
3371,12123,2,2,250.0,175.0,0.0
3372,12124,5,1,280.0,175.0,0.0
3373,12125,8,1,70.0,33.0,0.1
3374,12125,6,2,195.0,112.0,0.0
3375,12126,9,2,85.0,43.0,0.1
3376,12126,1,1,850.0,610.0,0.15
3377,12126,2,2,250.0,175.0,0.05
3378,12127,5,1,280.0,175.0,0.0
3379,12128,8,1,70.0,33.0,0.1
3380,12128,1,1,850.0,610.0,0.0
3381,12129,5,1,280.0,175.0,0.0
3382,12129,1,1,850.0,610.0,0.05
3383,12130,1,1,850.0,610.0,0.0
3384,12130,8,1,70.0,33.0,0.0
3385,12131,9,2,85.0,43.0,0.1
3386,12132,2,1,250.0,175.0,0.2
3387,12132,7,2,55.0,26.0,0.15
3388,12133,2,2,250.0,175.0,0.0
3389,12134,4,2,115.0,62.0,0.1
3390,12135,3,1,380.0,270.0,0.05
3391,12135,2,2,250.0,175.0,0.05
3392,12136,8,2,70.0,33.0,0.0
3393,12137,8,1,70.0,33.0,0.05
3394,12138,8,1,70.0,33.0,0.0
3395,12138,1,3,850.0,610.0,0.0
3396,12139,4,1,115.0,62.0,0.0
3397,12140,12,1,18.0,7.0,0.15
3398,12140,3,1,380.0,270.0,0.0
3399,12141,3,1,380.0,270.0,0.0
3400,12142,8,1,70.0,33.0,0.1
3401,12143,9,2,85.0,43.0,0.1
3402,12144,2,1,250.0,175.0,0.15
3403,12144,11,3,48.0,22.0,0.05
3404,12145,11,2,48.0,22.0,0.1
3405,12145,7,1,55.0,26.0,0.0
3406,12146,12,1,18.0,7.0,0.05
3407,12147,10,1,35.0,15.0,0.15
3408,12148,8,2,70.0,33.0,0.0
3409,12149,8,3,70.0,33.0,0.1
3410,12150,9,1,85.0,43.0,0.15
3411,12151,1,2,850.0,610.0,0.15
3412,12151,3,1,380.0,270.0,0.1
3413,12152,5,1,280.0,175.0,0.0
3414,12153,9,1,85.0,43.0,0.0
3415,12153,11,1,48.0,22.0,0.0
3416,12154,2,1,250.0,175.0,0.05
3417,12155,12,2,18.0,7.0,0.05
3418,12156,5,1,280.0,175.0,0.1
3419,12157,11,3,48.0,22.0,0.0
3420,12157,1,1,850.0,610.0,0.2
3421,12158,12,1,18.0,7.0,0.2
3422,12158,10,1,35.0,15.0,0.05
3423,12158,8,2,70.0,33.0,0.05
3424,12159,3,1,380.0,270.0,0.05
3425,12159,12,1,18.0,7.0,0.1
3426,12160,3,1,380.0,270.0,0.15
3427,12160,1,1,850.0,610.0,0.0
3428,12160,7,1,55.0,26.0,0.1
3429,12161,11,1,48.0,22.0,0.2
3430,12162,10,2,35.0,15.0,0.0
3431,12163,3,1,380.0,270.0,0.1
3432,12164,2,1,250.0,175.0,0.1
3433,12164,4,1,115.0,62.0,0.0
3434,12165,2,1,250.0,175.0,0.0
3435,12165,8,1,70.0,33.0,0.05
3436,12166,12,2,18.0,7.0,0.0
3437,12167,10,2,35.0,15.0,0.2
3438,12167,6,2,195.0,112.0,0.15
3439,12168,7,1,55.0,26.0,0.05
3440,12169,2,2,250.0,175.0,0.0
3441,12170,11,1,48.0,22.0,0.05
3442,12171,12,1,18.0,7.0,0.0
3443,12171,2,1,250.0,175.0,0.05
3444,12172,2,2,250.0,175.0,0.0
3445,12172,10,1,35.0,15.0,0.1
3446,12173,9,2,85.0,43.0,0.15
3447,12174,7,1,55.0,26.0,0.05
3448,12175,7,1,55.0,26.0,0.0
3449,12176,1,1,850.0,610.0,0.0
3450,12177,11,1,48.0,22.0,0.0
3451,12178,1,1,850.0,610.0,0.05
3452,12179,9,2,85.0,43.0,0.2
3453,12179,8,1,70.0,33.0,0.05
3454,12180,8,1,70.0,33.0,0.0
3455,12181,10,2,35.0,15.0,0.15
3456,12182,10,1,35.0,15.0,0.15
3457,12183,6,1,195.0,112.0,0.1
3458,12183,4,1,115.0,62.0,0.05
3459,12183,8,3,70.0,33.0,0.05
3460,12184,1,1,850.0,610.0,0.0
3461,12184,4,1,115.0,62.0,0.1
3462,12185,2,3,250.0,175.0,0.05
3463,12185,1,1,850.0,610.0,0.05
3464,12185,5,1,280.0,175.0,0.1
3465,12186,10,1,35.0,15.0,0.0
3466,12187,9,1,85.0,43.0,0.1
3467,12188,3,1,380.0,270.0,0.05
3468,12189,11,1,48.0,22.0,0.0
3469,12190,5,1,280.0,175.0,0.0
3470,12190,1,1,850.0,610.0,0.05
3471,12191,10,1,35.0,15.0,0.1
3472,12192,9,1,85.0,43.0,0.0
3473,12192,4,2,115.0,62.0,0.05
4,10003,2,2,250.0,175.0,0.05
9,10007,11,1,48.0,22.0,0.15
14,10011,10,1,35.0,15.0,0.0
90001,10001,1,0,850.0,610.0,0.0
90002,10001,2,1,-90.0,60.0,0.0
90003,10001,3,1,380.0,270.0,1.3
90004,10001,999,1,100.0,40.0,0.0
90005,99999,1,1,850.0,610.0,0.0
